-- MySQL dump 10.13  Distrib 5.5.62, for Linux (x86_64)
--
-- Host: localhost    Database: qx923_nocdn_flyi
-- ------------------------------------------------------
-- Server version	5.5.62-log

/*!40101 SET @OLD_CHARACTER_SET_CLIENT=@@CHARACTER_SET_CLIENT */;
/*!40101 SET @OLD_CHARACTER_SET_RESULTS=@@CHARACTER_SET_RESULTS */;
/*!40101 SET @OLD_COLLATION_CONNECTION=@@COLLATION_CONNECTION */;
/*!40101 SET NAMES utf8 */;
/*!40103 SET @OLD_TIME_ZONE=@@TIME_ZONE */;
/*!40103 SET TIME_ZONE='+00:00' */;
/*!40014 SET @OLD_UNIQUE_CHECKS=@@UNIQUE_CHECKS, UNIQUE_CHECKS=0 */;
/*!40014 SET @OLD_FOREIGN_KEY_CHECKS=@@FOREIGN_KEY_CHECKS, FOREIGN_KEY_CHECKS=0 */;
/*!40101 SET @OLD_SQL_MODE=@@SQL_MODE, SQL_MODE='NO_AUTO_VALUE_ON_ZERO' */;
/*!40111 SET @OLD_SQL_NOTES=@@SQL_NOTES, SQL_NOTES=0 */;

--
-- Table structure for table `cn_admin`
--

DROP TABLE IF EXISTS `cn_admin`;
/*!40101 SET @saved_cs_client     = @@character_set_client */;
/*!40101 SET character_set_client = utf8 */;
CREATE TABLE `cn_admin` (
  `userid` smallint(5) unsigned NOT NULL AUTO_INCREMENT,
  `username` varchar(20) DEFAULT NULL,
  `password` varchar(32) DEFAULT NULL,
  `roleid` smallint(5) DEFAULT '0',
  `realname` varchar(50) NOT NULL DEFAULT '',
  `auth` text NOT NULL,
  `list_size` smallint(5) NOT NULL,
  `left_width` smallint(5) NOT NULL DEFAULT '150',
  PRIMARY KEY (`userid`),
  KEY `username` (`username`)
) ENGINE=MyISAM AUTO_INCREMENT=2 DEFAULT CHARSET=utf8;
/*!40101 SET character_set_client = @saved_cs_client */;

--
-- Dumping data for table `cn_admin`
--

LOCK TABLES `cn_admin` WRITE;
/*!40000 ALTER TABLE `cn_admin` DISABLE KEYS */;
INSERT INTO `cn_admin` VALUES (1,'admin','c3284d0f94606de1fd2af172aba15bf3',1,'超级管理员','',17,150);
/*!40000 ALTER TABLE `cn_admin` ENABLE KEYS */;
UNLOCK TABLES;

--
-- Table structure for table `cn_block`
--

DROP TABLE IF EXISTS `cn_block`;
/*!40101 SET @saved_cs_client     = @@character_set_client */;
/*!40101 SET character_set_client = utf8 */;
CREATE TABLE `cn_block` (
  `id` smallint(8) unsigned NOT NULL AUTO_INCREMENT,
  `type` tinyint(1) NOT NULL,
  `name` varchar(50) NOT NULL,
  `classname` varchar(250) NOT NULL,
  `content` mediumtext NOT NULL,
  PRIMARY KEY (`id`)
) ENGINE=MyISAM AUTO_INCREMENT=10 DEFAULT CHARSET=utf8;
/*!40101 SET character_set_client = @saved_cs_client */;

--
-- Dumping data for table `cn_block`
--

LOCK TABLES `cn_block` WRITE;
/*!40000 ALTER TABLE `cn_block` DISABLE KEYS */;
INSERT INTO `cn_block` VALUES (1,2,'LOGO','','/template/default/images/logo.png'),(2,1,'头部-电话','','400-888-8888'),(3,1,'底部-版权','','© 2015-2019, All rights reserved. 京ICP备88888888号京公网安备88888888号  鸿燊建筑集团'),(4,2,'二维码','','/template/default/images/ewm.png'),(5,1,'底部-微博','','http://weibo.com'),(6,1,'底部-QQ','','123456'),(7,3,'首页-关于我们文字','','&lt;p&gt;鸿燊建筑集团有限公司是一家以建筑施工总承包为主业，集房地产开发、建筑装饰、建筑机械制造、装配式建筑生产、宾馆酒店业等于一体的综合型现代企业集团。&lt;/p&gt;&lt;p&gt;公司创建于1955年6月，建筑装饰工程设计专项甲级资质及石油化工工程施工总承包、钢结构工程专业承包等专项资质。公司注册资本金3.08亿元...&lt;/p&gt;'),(8,2,'首页-关于我们图','','/template/default/images/ab1.jpg');
/*!40000 ALTER TABLE `cn_block` ENABLE KEYS */;
UNLOCK TABLES;

--
-- Table structure for table `cn_category`
--

DROP TABLE IF EXISTS `cn_category`;
/*!40101 SET @saved_cs_client     = @@character_set_client */;
/*!40101 SET character_set_client = utf8 */;
CREATE TABLE `cn_category` (
  `catid` smallint(5) unsigned NOT NULL AUTO_INCREMENT,
  `typeid` tinyint(1) NOT NULL,
  `modelid` smallint(5) unsigned NOT NULL DEFAULT '0',
  `parentid` smallint(5) unsigned NOT NULL DEFAULT '0',
  `child` tinyint(1) unsigned NOT NULL DEFAULT '0',
  `childids` varchar(255) NOT NULL,
  `catname` varchar(30) NOT NULL,
  `image` varchar(100) NOT NULL,
  `content` mediumtext NOT NULL,
  `seo_title` varchar(255) NOT NULL,
  `seo_keywords` varchar(255) NOT NULL,
  `seo_description` varchar(255) NOT NULL,
  `catdir` varchar(30) NOT NULL,
  `http` varchar(255) NOT NULL,
  `items` mediumint(8) unsigned NOT NULL DEFAULT '0',
  `listorder` smallint(5) unsigned NOT NULL DEFAULT '0',
  `ismenu` tinyint(1) unsigned NOT NULL DEFAULT '1',
  `ispost` smallint(2) NOT NULL,
  `verify` smallint(2) NOT NULL DEFAULT '0',
  `islook` smallint(2) NOT NULL,
  `listtpl` varchar(50) NOT NULL,
  `showtpl` varchar(50) NOT NULL,
  `pagetpl` varchar(50) NOT NULL,
  `pagesize` smallint(5) NOT NULL,
  PRIMARY KEY (`catid`),
  KEY `listorder` (`listorder`,`catid`)
) ENGINE=MyISAM AUTO_INCREMENT=30 DEFAULT CHARSET=utf8;
/*!40101 SET character_set_client = @saved_cs_client */;

--
-- Dumping data for table `cn_category`
--

LOCK TABLES `cn_category` WRITE;
/*!40000 ALTER TABLE `cn_category` DISABLE KEYS */;
INSERT INTO `cn_category` VALUES (1,3,0,0,1,'15,16,17,18,19,20,','关于我们','/template/default/images/nb.jpg','&lt;p style=&quot;text-align: center;&quot;&gt;&lt;img src=&quot;/template/default/images/ab.jpg&quot; style=&quot;align;&quot;/&gt;&lt;br/&gt;鸿燊建筑集团有限公司是一家以建筑施工总承包为主业，集房地产开发、建筑装饰、建筑机械制造、装配式建筑生产、宾馆酒店业等于一体的综合型现代企业集团。&lt;br/&gt;公司创建于1955年6月，系房屋建筑工程施工总承包特级资质企业，具有市政公用工程施工总承包壹级及建筑机电安装工程、消防设施工程、建筑装修装饰工程、建筑幕墙工程等专业承包壹级资质，公路工程、水利水电工程施工总承包贰级及地基基础工程、起重设备安装工程、电子与智能化工程等专业承包贰级资质，建筑装饰工程设计专项甲级资质及石油化工工程施工总承包、钢结构工程专业承包等专项资质。公司注册资本金3.08亿元，总资产60多亿元，年施工能力150亿元，施工地域涉及全国50多个大中城市，以及美国、日本、科威特、新加坡等10多个国家和地区，是享誉中外的“南通建筑铁军”中的一支劲旅。&lt;br/&gt;要成功地完成每个建筑项目，有效的计划是必需的，无论设计以致完成整个建筑项目都需要充分考虑到整个建筑项目可能会带来的环境冲击、建立建筑日程安排表、财政上的安排、建筑安全、建筑材料的运输和运用、工程上的延误、准备投标文件等等。&lt;br/&gt;近10多年来，我国建筑行业高速发展，建筑行业总产值从2001年的15362亿上升到2012年的135303亿元，涨幅将近9倍，而建筑行业的高速发展也带动了相关产业的发展，大幅提高了我国的综合国力和人民的生活水平，为全国建设小康社会提供了广阔的空间。 全球建筑市场价值约7.5万亿美元，占全球GDP的13.4%。预计到2020年，其价值将达到12.7万亿美元，接下来的十年里将增长70%。到2020年，建筑业将占全球GDP的14.6%。未来10年，全球新兴市场的建筑业规模将扩大1倍，达到6.7万亿美元。中国作为最大的发展中国家，2013年的建筑市场规模将接近10万亿元人民币，到2015年将达到12万亿元到2015年，全球将出现23座人口超过1000万的特大城市，这将极大地推动建筑业全球化，并为传统建造商之间的战略整合提供机会。&lt;/p&gt;','','','','guanyuwomen','/index.php?catid=15',0,0,1,0,0,0,'','','page.html',10),(2,3,0,0,1,'21,22,23,','企业文化','/template/default/images/nb.jpg','','','','','qiyewenhua','/index.php?catid=21',41,0,1,0,0,0,'list_video.html','show_video.html','page.html',12),(3,1,1,0,1,'9,10,11,','新闻中心','/template/default/images/nb.jpg','','','','','xinwenzhongxin','/index.php?catid=9',20,0,1,0,0,0,'list_news.html','show_news.html','page.html',10),(4,1,2,0,1,'12,13,14,','工程案例','/template/default/images/nb.jpg','','','','','gongchenganli','/index.php?catid=12',117,0,1,0,0,0,'list_product2.html','show_product.html','page.html',16),(5,1,1,0,0,'','下属公司','/template/default/images/nb.jpg','','','','','xiashugongsi','',9,0,1,0,0,0,'xiashu.html','show_news.html','page.html',6),(6,1,1,0,0,'','诚聘英才','/template/default/images/nb.jpg','','','','','chengpinyingcai','',9,0,1,0,0,0,'join.html','show_news.html','page.html',8),(7,2,0,0,1,'24,25,','联系我们','/template/default/images/nb.jpg','&lt;p style=&quot;text-align: left;&quot;&gt;地　　址：北京昌平区东关北里31号楼2单元101号底商&lt;/p&gt;&lt;p style=&quot;text-align: left;&quot;&gt;邮　　编：255000&lt;br style=&quot;text-align: left;&quot;/&gt;电　　话：18792512631&lt;/p&gt;&lt;p style=&quot;text-align: left;&quot;&gt;总　　机：010-888-8888 &amp;nbsp; &amp;nbsp; 8889(办公室)&lt;br style=&quot;text-align: left;&quot;/&gt;传　　真：400-888-888&lt;br style=&quot;text-align: left;&quot;/&gt;电子邮箱：898150161@qq.com&lt;/p&gt;&lt;p style=&quot;text-align: left;&quot;&gt;网　　址：http://www.baidu.com&lt;/p&gt;','','','','lianxiwomen','',0,0,1,0,0,0,'','','contact.html',10),(8,1,1,0,0,'','轮播图','','','','','','lunbotu','',3,0,1,0,0,0,'list_news.html','show_news.html','',10),(9,1,1,3,0,'','行业新闻','','','','','','xingyexinwen','',7,0,1,0,0,0,'list_news.html','show_news.html','',10),(10,1,1,3,0,'','公司新闻','','','','','','gongsixinwen','',8,0,1,0,0,0,'list_news.html','show_news.html','',10),(11,1,1,3,0,'','通知公告','','','','','','tongzhigonggao','',5,0,1,0,0,0,'list_news.html','show_news.html','',10),(12,1,2,4,0,'','精品工程','','','','','','jingpingongcheng','',88,0,1,0,0,0,'list_product2.html','show_product.html','',16),(13,1,2,4,0,'','在建工程','','','','','','zaijiangongcheng','',9,0,1,0,0,0,'list_product2.html','show_product.html','',16),(14,1,2,4,0,'','工程展示','','','','','','gongchengzhanshi','',20,0,1,0,0,0,'list_product2.html','show_product.html','',16),(15,2,0,1,0,'','集团介绍','','&lt;p style=&quot;text-align:center&quot;&gt;&lt;img src=&quot;/template/default/images/ab.jpg&quot;/&gt;&lt;/p&gt;&lt;p style=&quot;text-align: left; text-indent: 0em; line-height: 2em;&quot;&gt;鸿燊建筑集团有限公司是一家以建筑施工总承包为主业，集房地产开发、建筑装饰、建筑机械制造、装配式建筑生产、宾馆酒店业等于一体的综合型现代企业集团。&lt;br style=&quot;text-align: left;&quot;/&gt;公司创建于1955年6月，系房屋建筑工程施工总承包特级资质企业，具有市政公用工程施工总承包壹级及建筑机电安装工程、消防设施工程、建筑装修装饰工程、建筑幕墙工程等专业承包壹级资质，公路工程、水利水电工程施工总承包贰级及地基基础工程、起重设备安装工程、电子与智能化工程等专业承包贰级资质，建筑装饰工程设计专项甲级资质及石油化工工程施工总承包、钢结构工程专业承包等专项资质。公司注册资本金3.08亿元，总资产60多亿元，年施工能力150亿元，施工地域涉及全国50多个大中城市，以及美国、日本、科威特、新加坡等10多个国家和地区，是享誉中外的“南通建筑铁军”中的一支劲旅。&lt;br style=&quot;text-align: left;&quot;/&gt;要成功地完成每个建筑项目，有效的计划是必需的，无论设计以致完成整个建筑项目都需要充分考虑到整个建筑项目可能会带来的环境冲击、建立建筑日程安排表、财政上的安排、建筑安全、建筑材料的运输和运用、工程上的延误、准备投标文件等等。&lt;br style=&quot;text-align: left;&quot;/&gt;近10多年来，我国建筑行业高速发展，建筑行业总产值从2001年的15362亿上升到2012年的135303亿元，涨幅将近9倍，而建筑行业的高速发展也带动了相关产业的发展，大幅提高了我国的综合国力和人民的生活水平，为全国建设小康社会提供了广阔的空间。 全球建筑市场价值约7.5万亿美元，占全球GDP的13.4%。预计到2020年，其价值将达到12.7万亿美元，接下来的十年里将增长70%。到2020年，建筑业将占全球GDP的14.6%。未来10年，全球新兴市场的建筑业规模将扩大1倍，达到6.7万亿美元。中国作为最大的发展中国家，2013年的建筑市场规模将接近10万亿元人民币，到2015年将达到12万亿元到2015年，全球将出现23座人口超过1000万的特大城市，这将极大地推动建筑业全球化，并为传统建造商之间的战略整合提供机会。&lt;br style=&quot;text-align: left;&quot;/&gt;&lt;/p&gt;','','','','jituanjieshao','',0,0,1,0,0,0,'','','page.html',10),(16,2,0,1,0,'','领导致辞','','&lt;p style=&quot;line-height: 2em;&quot;&gt;鸿燊建筑集团有限公司是一家以建筑施工总承包为主业，集房地产开发、建筑装饰、建筑机械制造、装配式建筑生产、宾馆酒店业等于一体的综合型现代企业集团。&lt;br style=&quot;white-space: normal;&quot;/&gt;公司创建于1955年6月，系房屋建筑工程施工总承包特级资质企业，具有市政公用工程施工总承包壹级及建筑机电安装工程、消防设施工程、建筑装修装饰工程、建筑幕墙工程等专业承包壹级资质，公路工程、水利水电工程施工总承包贰级及地基基础工程、起重设备安装工程、电子与智能化工程等专业承包贰级资质，建筑装饰工程设计专项甲级资质及石油化工工程施工总承包、钢结构工程专业承包等专项资质。公司注册资本金3.08亿元，总资产60多亿元，年施工能力150亿元，施工地域涉及全国50多个大中城市，以及美国、日本、科威特、新加坡等10多个国家和地区，是享誉中外的“南通建筑铁军”中的一支劲旅。&lt;br style=&quot;white-space: normal;&quot;/&gt;要成功地完成每个建筑项目，有效的计划是必需的，无论设计以致完成整个建筑项目都需要充分考虑到整个建筑项目可能会带来的环境冲击、建立建筑日程安排表、财政上的安排、建筑安全、建筑材料的运输和运用、工程上的延误、准备投标文件等等。&lt;br style=&quot;white-space: normal;&quot;/&gt;近10多年来，我国建筑行业高速发展，建筑行业总产值从2001年的15362亿上升到2012年的135303亿元，涨幅将近9倍，而建筑行业的高速发展也带动了相关产业的发展，大幅提高了我国的综合国力和人民的生活水平，为全国建设小康社会提供了广阔的空间。 全球建筑市场价值约7.5万亿美元，占全球GDP的13.4%。预计到2020年，其价值将达到12.7万亿美元，接下来的十年里将增长70%。到2020年，建筑业将占全球GDP的14.6%。未来10年，全球新兴市场的建筑业规模将扩大1倍，达到6.7万亿美元。中国作为最大的发展中国家，2013年的建筑市场规模将接近10万亿元人民币，到2015年将达到12万亿元到2015年，全球将出现23座人口超过1000万的特大城市，这将极大地推动建筑业全球化，并为传统建造商之间的战略整合提供机会。&lt;/p&gt;','','','','lingdaozhici','',0,0,1,0,0,0,'','','page.html',10),(17,2,0,1,0,'','公司资质','','&lt;p&gt;&lt;span style=&quot;;font-size:13px;font-family:;color:rgb(89,89,89)&quot;&gt;建筑⼯程施⼯总承包&lt;/span&gt;&lt;span style=&quot;;font-size:13px;font-family:;color:rgb(255,0,0)&quot;&gt;特级&amp;nbsp;&lt;/span&gt;&lt;/p&gt;&lt;p&gt;&lt;span style=&quot;;font-size:13px;font-family:;color:rgb(89,89,89)&quot;&gt;市政公⽤⼯程施⼯总承包&lt;/span&gt;&lt;span style=&quot;;font-size:13px;font-family:;color:rgb(255,0,0)&quot;&gt;壹级&amp;nbsp;&lt;/span&gt;&lt;/p&gt;&lt;p&gt;&lt;span style=&quot;;font-size:13px;font-family:;color:rgb(89,89,89)&quot;&gt;公路⼯程施⼯总承包&lt;/span&gt;&lt;span style=&quot;;font-size:13px;font-family:;color:rgb(255,0,0)&quot;&gt;贰级&amp;nbsp;&lt;/span&gt;&lt;/p&gt;&lt;p&gt;&lt;span style=&quot;;font-size:13px;font-family:;color:rgb(89,89,89)&quot;&gt;⽔利⽔电⼯程施⼯总承包&lt;/span&gt;&lt;span style=&quot;;font-size:13px;font-family:;color:rgb(255,0,0)&quot;&gt;贰级&amp;nbsp;&lt;/span&gt;&lt;/p&gt;&lt;p&gt;&lt;span style=&quot;;font-size:13px;font-family:;color:rgb(89,89,89)&quot;&gt;⽯油化⼯⼯程施⼯总承包&lt;/span&gt;&lt;span style=&quot;;font-size:13px;font-family:;color:rgb(255,0,0)&quot;&gt;叁级&amp;nbsp;&lt;/span&gt;&lt;/p&gt;&lt;p&gt;&lt;span style=&quot;;font-size:13px;font-family:;color:rgb(89,89,89)&quot;&gt;建筑机电安装⼯程专业承包&lt;/span&gt;&lt;span style=&quot;;font-size:13px;font-family:;color:rgb(255,0,0)&quot;&gt;壹级&amp;nbsp;&lt;/span&gt;&lt;/p&gt;&lt;p&gt;&lt;span style=&quot;;font-size:13px;font-family:;color:rgb(89,89,89)&quot;&gt;消防设施⼯程专业承包&lt;/span&gt;&lt;span style=&quot;;font-size:13px;font-family:;color:rgb(255,0,0)&quot;&gt;壹级&amp;nbsp;&lt;/span&gt;&lt;/p&gt;&lt;p&gt;&lt;span style=&quot;;font-size:13px;font-family:;color:rgb(89,89,89)&quot;&gt;起重设备安装⼯程专业承包&lt;/span&gt;&lt;span style=&quot;;font-size:13px;font-family:;color:rgb(255,0,0)&quot;&gt;贰级&amp;nbsp;&lt;/span&gt;&lt;/p&gt;&lt;p&gt;&lt;span style=&quot;;font-size:13px;font-family:;color:rgb(89,89,89)&quot;&gt;建筑装修装饰⼯程专业承包&lt;/span&gt;&lt;span style=&quot;;font-size:13px;font-family:;color:rgb(255,0,0)&quot;&gt;贰级&amp;nbsp;&lt;/span&gt;&lt;/p&gt;&lt;p&gt;&lt;span style=&quot;;font-size:13px;font-family:;color:rgb(89,89,89)&quot;&gt;防⽔防腐保温⼯程专业承包&lt;/span&gt;&lt;span style=&quot;;font-size:13px;font-family:;color:rgb(255,0,0)&quot;&gt;贰级&amp;nbsp;&lt;/span&gt;&lt;/p&gt;&lt;p&gt;&lt;span style=&quot;;font-size:13px;font-family:;color:rgb(89,89,89)&quot;&gt;地基基础⼯程专业承包&lt;/span&gt;&lt;span style=&quot;;font-size:13px;font-family:;color:rgb(255,0,0)&quot;&gt;叁级&amp;nbsp;&lt;/span&gt;&lt;/p&gt;&lt;p&gt;&lt;span style=&quot;;font-size:13px;font-family:;color:rgb(89,89,89)&quot;&gt;钢结构⼯程专业承包&lt;/span&gt;&lt;span style=&quot;;font-size:13px;font-family:;color:rgb(255,0,0)&quot;&gt;叁级 &lt;/span&gt;&lt;/p&gt;','','','','gongsizizhi','',0,0,1,0,0,0,'','','page.html',10),(18,2,0,1,0,'','组织机构','','&lt;p style=&quot;line-height: 2em; text-align: center;&quot;&gt;&lt;img src=&quot;/data/upload/image/20201221/1608537706148060.jpg&quot; title=&quot;1608537706148060.jpg&quot; alt=&quot;zjjg.jpg&quot;/&gt;&lt;/p&gt;','','','','zuzhijigou','',0,0,1,0,0,0,'','','page.html',10),(19,2,0,1,0,'','体系认证','','&lt;p&gt;鸿燊建筑集团有限公司于1998年11⽉通过了ISO9002质量体系认证，2003年通过了中国⽅圆标志认证中⼼ISO9001、ISO14001、OHSMS18001“三合⼀”管理体系认证，2006年通过了中国检验集团质量、环境和职业健康安全“三合⼀”管理体 系认证审核。&lt;/p&gt;','','','','tixirenzheng','',0,0,1,0,0,0,'list_product.html','show_product.html','page.html',10),(20,3,0,1,0,'','荣誉选登','','','','','','rongyuxuandeng','/index.php?catid=26',0,0,1,0,0,0,'list_product2.html','show_product.html','page.html',10),(21,1,7,2,0,'','宣传片','','','','','','xuanchuanpian','',15,0,1,0,0,0,'list_video.html','show_video.html','',12),(22,1,1,2,0,'','慈善公益','','','','','','cishangongyi','',13,0,1,0,0,0,'list_news.html','show_news.html','',10),(23,1,1,2,0,'','文化动态','','','','','','wenhuadongtai','',13,0,1,0,0,0,'list_news.html','show_news.html','',10),(24,2,0,7,0,'','联系我们','','&lt;p style=&quot;text-align: left;&quot;&gt;地　　址：北京昌平区东关北里31号楼2单元101号底商&lt;/p&gt;&lt;p style=&quot;text-align: left;&quot;&gt;邮　　编：255000&lt;br style=&quot;text-align: left;&quot;/&gt;电　　话：18792512631&lt;/p&gt;&lt;p style=&quot;text-align: left;&quot;&gt;总　　机：010-888-8888 &amp;nbsp; &amp;nbsp; 8889(办公室)&lt;br style=&quot;text-align: left;&quot;/&gt;传　　真：400-888-888&lt;br style=&quot;text-align: left;&quot;/&gt;电子邮箱：898150161@qq.com&lt;/p&gt;&lt;p style=&quot;text-align: left;&quot;&gt;网　　址：http://www.baidu.com&lt;/p&gt;','','','','lianxiwomen3','',0,0,1,0,0,0,'','','contact.html',10),(25,3,0,7,0,'','在线留言','','','','','','zaixianliuyan','/index.php?catid=7#ly',0,0,1,0,0,0,'','','page.html',10),(26,1,2,0,1,'27,28,29,','荣誉选登','','','','','','cs','',16,0,1,0,0,0,'list_product2.html','show_product.html','',12),(27,1,2,26,0,'','集体荣誉','','','','','','jitirongyu','',14,0,1,0,0,0,'list_product2.html','show_product.html','',12),(28,1,2,26,0,'','个人荣誉','','','','','','gerenrongyu','',2,0,1,0,0,0,'list_product2.html','show_product.html','',12),(29,1,2,26,0,'','科技成果','','','','','','kejichengguo','',0,0,1,0,0,0,'list_product2.html','show_product.html','',12);
/*!40000 ALTER TABLE `cn_category` ENABLE KEYS */;
UNLOCK TABLES;

--
-- Table structure for table `cn_content`
--

DROP TABLE IF EXISTS `cn_content`;
/*!40101 SET @saved_cs_client     = @@character_set_client */;
/*!40101 SET character_set_client = utf8 */;
CREATE TABLE `cn_content` (
  `id` mediumint(8) unsigned NOT NULL AUTO_INCREMENT,
  `catid` smallint(5) unsigned NOT NULL DEFAULT '0',
  `modelid` smallint(5) NOT NULL,
  `title` varchar(80) NOT NULL DEFAULT '',
  `thumb` varchar(255) NOT NULL DEFAULT '',
  `keywords` varchar(255) NOT NULL DEFAULT '',
  `description` varchar(255) NOT NULL,
  `listorder` tinyint(3) unsigned NOT NULL DEFAULT '0',
  `status` tinyint(2) unsigned NOT NULL DEFAULT '1',
  `hits` smallint(5) unsigned NOT NULL DEFAULT '0',
  `username` char(20) NOT NULL,
  `time` int(10) unsigned NOT NULL DEFAULT '0',
  PRIMARY KEY (`id`),
  KEY `catid` (`catid`,`listorder`,`time`),
  KEY `time` (`catid`,`time`),
  KEY `status` (`catid`,`status`)
) ENGINE=MyISAM AUTO_INCREMENT=275 DEFAULT CHARSET=utf8;
/*!40101 SET character_set_client = @saved_cs_client */;

--
-- Dumping data for table `cn_content`
--

LOCK TABLES `cn_content` WRITE;
/*!40000 ALTER TABLE `cn_content` DISABLE KEYS */;
INSERT INTO `cn_content` VALUES (1,8,1,'轮播图','/template/default/images/ban1.jpg','','',0,1,0,'admin',1604021513),(2,8,1,'轮播图','/template/default/images/ban1.jpg','','',0,1,0,'admin',1604021513),(3,8,1,'轮播图','/template/default/images/ban1.jpg','','',0,1,0,'admin',1604021513),(87,9,1,'住房城乡建设部再出重拳规范房企经营行为净化市场环境','','','本报讯记者吴国文报道为进一步规范房地产开发企业经营行为，净化房地产市场环境，维护房地产市场秩序，保护消费者合法权益，促进房地产市场平稳健康发展，住房城乡建设部近日下发了《关于进一步规范房地产开发企业',0,1,1,'admin',1608016648),(88,9,1,'【政策速递】“停工令”不会来了，国家正式发布《攻坚行动方案》！','/data/upload/image/20201215/1608016805968674.jpg','','前段时间闹得沸沸扬扬的文章《最强“停工令”》，现在终于有了下文：取消统一的限产停工比例。这就意味着，今年秋冬季的“停工令“不会来了。为全力做好2018-2019年秋冬季大气污染防治工作，近日，国务院生态环',0,3,3,'admin',1608016749),(89,10,1,'我公司2项成果分获第二届 “江海杯”BIM技术应用大赛一、二等奖','/data/upload/image/20201215/1608016939973149.jpg','','&amp;nbsp;&amp;nbsp;&amp;nbsp;&amp;nbsp;为进一步提高南通市BIM技术应用水平，搭建交流学习平台，11月17日，南通市建筑行业协会举办了第二届“江海杯”BIM技术应用大赛。本次大赛得到了各建筑企业的积极响应，收到26家单位共计6',0,3,0,'admin',1608016835),(90,10,1,'启东市建筑工程学校隆重举行揭牌仪式','/data/upload/image/20201215/1608017092292149.jpg','','&amp;nbsp;&amp;nbsp;&amp;nbsp;&amp;nbsp;11月11日上午，启东市建筑工程学校在学校本部隆重举行恢复独立办学揭牌仪式。南通市住建局党组副书记、副局长沈卫星、南通市住建局职业教育处处长姜晓云，启东市副市长佘德华及市住建局',0,3,0,'admin',1608016967),(91,10,1,'我运动 我快乐——集团公司工会举办员工趣味运动会','/data/upload/image/20201215/1608017162326970.jpg','','10月27日下午，集团公司工会在建都大厦15楼职工活动室组织开展了员工趣味运动会。&amp;nbsp;&amp;nbsp;&amp;nbsp;&amp;nbsp;运动会分为2个参赛团队，共设置了3个比赛项目，分别为:五人六足接力、指压板跳绳、一圈到底。比赛项目既',0,3,0,'admin',1608017097),(92,10,1,'【点赞建都物业】老人深夜迷路二十多里 物业全力搜寻助其回家','','','&amp;nbsp;&amp;nbsp;10月13日上午，建都物业御龙苑小区工作人员施小磊从88岁的业主邵金玲老太手中接过了一面写着“热心助人团圆，真情温暖人间”的锦旗。&amp;nbsp;&amp;nbsp;&amp;nbsp;&amp;nbsp;“谢谢，谢谢你们帮我找回弟弟……”热',0,1,0,'admin',1608017169),(12,5,1,'第一工程有限公司','','','地址：北京西丰台区马家堡东路168号院海上花园10号楼1单元168号院邮编：100088E-mail：fsn@jsqj.cn',0,1,0,'admin',1604024534),(13,5,1,'第一工程有限公司','','','地址：北京西丰台区马家堡东路168号院海上花园10号楼1单元168号院邮编：100088E-mail：fsn@jsqj.cn',0,1,0,'admin',1604024534),(14,5,1,'第一工程有限公司','','','地址：北京西丰台区马家堡东路168号院海上花园10号楼1单元168号院邮编：100088E-mail：fsn@jsqj.cn',0,1,0,'admin',1604024534),(15,5,1,'第一工程有限公司','','','地址：北京西丰台区马家堡东路168号院海上花园10号楼1单元168号院邮编：100088E-mail：fsn@jsqj.cn',0,1,0,'admin',1604024534),(16,5,1,'第一工程有限公司','','','地址：北京西丰台区马家堡东路168号院海上花园10号楼1单元168号院邮编：100088E-mail：fsn@jsqj.cn',0,1,0,'admin',1604024534),(17,5,1,'第一工程有限公司','','','地址：北京西丰台区马家堡东路168号院海上花园10号楼1单元168号院邮编：100088E-mail：fsn@jsqj.cn',0,1,0,'admin',1604024534),(18,6,1,'高级嵌入式软件工程师','','','工作地点:北京',0,1,1,'admin',1604025040),(19,6,1,'高级嵌入式软件工程师','','','工作地点:北京',0,1,0,'admin',1604025040),(20,6,1,'高级嵌入式软件工程师','','','工作地点:北京',0,1,1,'admin',1604025040),(21,6,1,'高级嵌入式软件工程师','','','工作地点:北京',0,1,0,'admin',1604025040),(22,6,1,'高级嵌入式软件工程师','','','工作地点:北京',0,1,3,'admin',1604025040),(83,9,1,'“一带一路”助力全球贸易和投资持续增长','','','近年来，保护主义、孤立主义以及逆全球化思潮对本已蹒跚前行的世界经济构成严重威胁。在国际上，诸多有识之士发出了捍卫全球化、维护自由贸易、抵制保护主义、促进共同发展的呼吁。在这样的背景下，“一带一路”倡议',0,1,1,'admin',1608016256),(84,9,1,'统计局：前10月基础设施投资首次出现增速回升','/data/upload/image/20201215/1608016422565328.jpg','','国新办14日上午举行新闻发布会，会上国家统计局新闻发言人刘爱华介绍了2018年10月份国民经济运行情况。她表示，1-10月基础设施投资在年内出现了首次增速回升，从未来发展看，还是要从政策支撑等方面加大对基础设施的',0,3,0,'admin',1608016293),(85,9,1,'宏观月报:供给需求压力不减 基建已在&quot;至暗时刻&quot;','','','在全球经济前景转淡,IMF下修全球经济增长预期的的背景下,三季度中国经济增长乏力,继续走弱。第3季度国内生产总值23.2万亿元,同比增长6.5%,前值6.7%,市场预期6.6%。前3季度GDP累计同比增长6.7%,较前值下降0.1pct,较去',0,1,0,'admin',1608016425),(38,27,2,'cs','/template/default/images/al4.jpg','','',0,1,0,'admin',1605591291),(39,28,2,'cs','/template/default/images/al4.jpg','','',0,1,0,'admin',1605591291),(40,27,2,'cs','/template/default/images/al4.jpg','','',0,1,0,'admin',1605591291),(41,27,2,'cs','/template/default/images/al4.jpg','','',0,1,0,'admin',1605591291),(42,27,2,'cs','/template/default/images/al4.jpg','','',0,1,0,'admin',1605591291),(43,27,2,'cs','/template/default/images/al4.jpg','','',0,1,0,'admin',1605591291),(44,28,2,'cs','/template/default/images/al4.jpg','','',0,1,0,'admin',1605591291),(45,27,2,'cs','/template/default/images/al4.jpg','','',0,1,0,'admin',1605591291),(46,27,2,'cs','/template/default/images/al4.jpg','','',0,1,1,'admin',1605591291),(48,23,1,'测试','','','',0,1,1,'admin',1605852016),(49,23,1,'测试','','','',0,1,2,'admin',1605852047),(96,11,1,'住房城乡建设部办公厅关于做好取得建造师临时执业证书人员有关管理工作的通知','','','各省、自治区住房城乡建设厅，直辖市建委(建设交通委)，国务院有关部门建设司，新疆生产建设兵团建设局，总后营房部工程局，中央管理的企业，有关行业协会：为加强对取得建造师临时执业证书人员的管理，现将有关',0,3,0,'admin',1608017365),(97,11,1,'安全责任重于泰山','','','安全，安全，再安全，安全是企业头等大事。试想，如果企业的生产不安全，何以能实现稳健发展?如果员工的人身不安全，何以能满足员工的物质文化精神需求，进而实现人的全面发展?因此，企业的发展是建立在安全生产基础',0,3,0,'admin',1608017389),(81,21,7,'标题','/data/upload/image/20201130/1606719353179398.jpg','','',0,1,13,'admin',1607070662),(95,11,1,'2014年信息化推进通知','','','各土建分公司：根据集团公司目前的信息化推广和实施，近两年效果并不显著，只是局限在行政上信息交流发布以及财务和制图软件的应用，但在具体的建筑工程建设上，已经疏于更新管理。针对此类情况，综合同类建筑业',0,1,0,'admin',1608017327),(86,9,1,'国务院定调两个“严格” 明年棚改规模或再缩量','','','官方数据显示，今年1~8月，全国棚改新开工465万套，占年度目标任务的80%，完成投资11900多亿元。在历经连续三年棚改新开工超过600万套的高峰后，我国棚户区改造步入攻坚期，在防止地方随意扩大范围的要求下，明',0,1,0,'admin',1608016527),(82,9,1,'启东市首届“陶桂林杯”建筑职工技能比武大赛圆满落幕！总共11个工种，我公司斩获8个第一名！','/data/upload/image/20201215/1608016125945120.png','','12月23日，启东市首届“陶桂林杯”建筑职工技能比武大赛在启东建筑集团现代建筑产业基地（启东市筑城装配式建筑有限公司）隆重举行。本次大赛由市总工会、人社局、住建局主办，启东建筑集团与启安建设集团共同协办，',0,3,0,'admin',1608015972),(93,10,1,'勿忘国耻，吾辈自强 ‖ 集团公司开展“九一八”爱国主题活动','','','为纪念“九一八”事变爆发89周年，加强爱国主义教育，缅怀抗日先烈，传承抗战精神，9月18日下午启东建筑集团在总部14楼会议室开展了“纪念九一八，做合格党员”爱国主题活动。集团公司党委副书记袁东波出席活动。&amp;nb',0,3,1,'admin',1608017193),(94,10,1,'坚定信心迎挑战 奋发有为谱新篇 ‖ 集团公司召开2020年中工作会议','/data/upload/image/20201215/1608017313266363.png','','8月28日，集团公司在总部建都大厦十四楼会议室召开了2020年中工作会议，总结上半年工作，分析当前形势，明确工作思路，提出发展要求。集团公司董事、监事、各下属单位主要负责人及总部各部门负责人等参加了会议。会',0,1,0,'admin',1608017219),(98,11,1,'关于开展 六月“安全月”活动的通知','','','各下属单位：根据住房和城乡建设部《关于继续深入扎实开展“安全生产年”活动的通知》(建办质[2012]14号)、省《关于开展2012年住房城乡建设系统“安全生产月”活动的通知》(建安办函〔2012〕7号)、省安委会《关',0,1,0,'admin',1608017419),(99,11,1,'工程项目资料收集通知','','','　请公司所属的各基层单位、项目部，将近期内已竣工或即将竣工项目的工程概况资料和相关工程照片发到网络中心，以便及时将这些项目信息更新到公司网站。同时，如有新的承接项目，请将相关信息一并发来。公司网站内容',0,1,3,'admin',1608017450),(100,10,1,'2020年老小区改造现场观摩会在公司项目现场召开','','','8月1日上午，市住建局组织召开2020年全市老小区改造现场观摩推进会，会议以现场观摩与工作会议相结合的方式进行。住建局副局长黄建平、保障和物业科科长黄险峰及老小区改造各施工单位、监理单位、城投、水务、街道办',0,1,0,'admin',1608017514),(101,10,1,'集团公司党委举办“青春无问西东 岁月自成芳华”党建主题朗诵比赛','/data/upload/image/20201215/1608017602613968.png','','为庆祝建党99周年，讴歌中国共产党的丰功伟绩，激发广大员工守初心、担使命的前进动力，7月2日下午，集团公司党委在建都大厦14楼会议室举办了“青春无问西东岁月自成芳华”党建主题朗诵比赛，共有来自集团总部及在',0,3,3,'admin',1608017530),(102,12,2,'泗阳天骄名人家园','/data/upload/image/20201215/1608017775206649.jpg','','',0,1,0,'admin',1608017769),(103,12,2,'中房•银川玺云台小区','/data/upload/image/20201215/1608017814103190.jpg','','',0,1,0,'admin',1608017779),(104,12,2,'中国石油独山子石化分公司改扩建炼油及新建乙烯工程','/data/upload/image/20201215/1608017837460610.jpg','','',0,1,0,'admin',1608017818),(105,12,2,'镇江申华冠城国际小区','/data/upload/image/20201215/1608017879512680.jpg','','',0,1,0,'admin',1608017841),(106,12,2,'长庆湖滨花园二期工程','/data/upload/image/20201215/1608017899330726.jpg','','',0,1,0,'admin',1608017882),(107,12,2,'长庆湖滨花园二期工程','/data/upload/image/20201215/1608017926793220.jpg','','',0,1,0,'admin',1608017905),(108,12,2,'银川民生蔚湖城高层住宅','/data/upload/image/20201215/1608017951879545.jpg','','',0,1,0,'admin',1608017930),(109,12,2,'银川•建发大阅城','/data/upload/image/20201215/1608017975166357.jpg','','',0,1,0,'admin',1608017962),(110,12,2,'盐城亭湖区交投、城投商务中心','/data/upload/image/20201215/1608018005113999.jpg','','',0,1,0,'admin',1608017983),(111,12,2,'徐州绿地之窗D地块','/data/upload/image/20201215/1608018046864467.jpg','','',0,1,0,'admin',1608018020),(112,12,2,'徐州绿地世纪城','/data/upload/image/20201215/1608018063591306.jpg','','',0,1,0,'admin',1608018049),(113,12,2,'新疆独山子石油储备基地工程','/data/upload/image/20201215/1608018090170110.jpg','','',0,1,0,'admin',1608018068),(114,12,2,'西宁中房城北国际村','/data/upload/image/20201215/1608018118916235.jpg','','',0,1,0,'admin',1608018095),(115,12,2,'西安长庆泾欣园','/data/upload/image/20201215/1608018149925277.jpg','','',0,1,0,'admin',1608018122),(116,12,2,'15 / 16  西安长庆低渗透油气田勘探开发国家工程实验室','/data/upload/image/20201215/1608018174176539.jpg','','',0,1,0,'admin',1608018155),(117,12,2,'西安市文景观园','/data/upload/image/20201215/1608018206201272.jpg','','',0,1,0,'admin',1608018178),(118,12,2,'西安生态半岛玫瑰苑','/data/upload/image/20201215/1608018257961925.jpg','','',0,1,0,'admin',1608018210),(119,12,2,'西安基地临街住宅楼商业裙房及地下车库','/data/upload/image/20201215/1608018421529040.jpg','','',0,1,0,'admin',1608018400),(120,12,2,'天津农商银行','/data/upload/image/20201215/1608018455495275.jpg','','',0,1,0,'admin',1608018429),(121,12,2,'唐山大都宇•金水湾二期工程','/data/upload/image/20201215/1608018495804694.jpg','','',0,1,0,'admin',1608018460),(122,12,2,'泰州世纪新城商住楼','/data/upload/image/20201215/1608018546275079.jpg','','',0,1,0,'admin',1608018503),(123,12,2,'苏州吴江华润置地凯旋门','/data/upload/image/20201215/1608018579425078.jpg','','',0,1,0,'admin',1608018551),(124,12,2,'苏州上亿国际汽车城','/data/upload/image/20201215/1608018606333387.jpg','','',0,1,0,'admin',1608018584),(125,12,2,'上海江桥9号地块住宅小区','/data/upload/image/20201215/1608018641815511.jpg','','',0,1,0,'admin',1608018611),(126,12,2,'青海格尔木世邦城市广场','/data/upload/image/20201215/1608018675758878.jpg','','',0,1,0,'admin',1608018656),(127,12,2,'启东市行政综合服务中心','/data/upload/image/20201215/1608018695907807.jpg','','',0,1,0,'admin',1608018680),(128,12,2,'连云港上海之春住宅区二期','/data/upload/image/20201215/1608018739610510.jpg','','',0,1,0,'admin',1608018699),(129,12,2,'连云港港汇凤凰名都','/data/upload/image/20201215/1608018762106556.jpg','','',0,1,0,'admin',1608018742),(130,12,2,'连云港东海天一居','/data/upload/image/20201215/1608018789326603.jpg','','',0,1,0,'admin',1608018769),(131,12,2,'江苏议事园大厦','/data/upload/image/20201215/1608018808197758.jpg','','',0,1,0,'admin',1608018793),(132,12,2,'江都鸿益千秋三期','/data/upload/image/20201215/1608018838129040.jpg','','',0,1,0,'admin',1608018812),(133,12,2,'河北唐山大都宇金水湾','/data/upload/image/20201215/1608018859468014.jpg','','',0,1,0,'admin',1608018841),(134,12,2,'杭州锦绣天地大酒店装饰工程','/data/upload/image/20201215/1608019016628481.jpg','','',0,1,0,'admin',1608018883),(135,12,2,'海门江城逸品','/data/upload/image/20201215/1608019043342004.jpg','','',0,1,0,'admin',1608019019),(136,12,2,'福建漳州天利仁和天籁苑','/data/upload/image/20201215/1608019084599163.jpg','','',0,1,0,'admin',1608019046),(137,12,2,'常州弘建一品国际社区','/data/upload/image/20201215/1608019115274501.jpg','','',0,1,0,'admin',1608019088),(138,12,2,'北京燕郊星河皓月五期','/data/upload/image/20201215/1608019139445963.jpg','','',0,1,0,'admin',1608019119),(139,12,2,'北京燕郊新锐时代商城','/data/upload/image/20201215/1608019365580537.jpg','','',0,1,0,'admin',1608019340),(140,12,2,'北京燕达国际创业园——首尔园','/data/upload/image/20201215/1608019383734219.jpg','','',0,1,0,'admin',1608019368),(141,12,2,'北京顺义区牛栏山半壁店住宅工程','/data/upload/image/20201215/1608019483992177.jpg','','',0,1,0,'admin',1608019468),(142,12,2,'北京牛栏山半壁店住宅','/data/upload/image/20201215/1608019503490241.jpg','','',0,1,0,'admin',1608019487),(143,12,2,'北京蓝湾公寓住宅楼','/data/upload/image/20201215/1608019522326319.jpg','','',0,1,0,'admin',1608019508),(144,12,2,'银川建发大阅城','/data/upload/image/20201215/1608019575530778.jpg','','',0,1,0,'admin',1608019555),(145,12,2,'启东亿丰国际商城','/data/upload/image/20201215/1608019597303985.jpg','','',0,1,0,'admin',1608019581),(146,12,2,'中国银行总行大厦','/data/upload/image/20201215/1608019842435376.jpg','','',0,1,0,'admin',1608019602),(147,12,2,'中法燕达医院','/data/upload/image/20201215/1608019869555523.jpg','','',0,1,0,'admin',1608019861),(148,12,2,'长庆兴隆园二区','/data/upload/image/20201215/1608019903543481.jpg','','',0,1,0,'admin',1608019875),(149,12,2,'银川中房富力城A、B、D座综合楼','/data/upload/image/20201215/1608019929331349.jpg','','',0,1,0,'admin',1608019910),(154,12,2,'银川长庆燕庆园群体住宅楼','/data/upload/image/20201215/1608020301226570.jpg','','',0,1,0,'admin',1608020278),(155,12,2,'银川长庆燕庆园群体住宅楼','/data/upload/image/20201215/1608020338520489.jpg','','',0,1,0,'admin',1608020308),(156,12,2,'银川兴庆华府','/data/upload/image/20201215/1608020358479614.jpg','','',0,1,0,'admin',1608020351),(157,12,2,'宿迁市妇产医院综合楼','/data/upload/image/20201215/1608020383419861.jpg','','',0,1,0,'admin',1608020363),(158,12,2,'盐城市亭湖区交投、城投商务中心','/data/upload/image/20201215/1608020408204697.jpg','','',0,1,0,'admin',1608020388),(159,12,2,'新疆克拉玛依市政府办公大楼','/data/upload/image/20201215/1608020549737503.jpg','','',0,1,0,'admin',1608020413),(160,12,2,'新疆移动通信枢纽大楼','/data/upload/image/20201215/1608020695817837.jpg','','',0,1,0,'admin',1608020606),(161,12,2,'新疆独山子天利实业6万吨年裂解燃料油综合利用工程','/data/upload/image/20201215/1608020721782389.jpg','','',0,1,0,'admin',1608020699),(162,12,2,'西安长庆高陵产业园','/data/upload/image/20201215/1608020752958104.jpg','','',0,1,0,'admin',1608020728),(163,12,2,'天津农商银行制卡中心','/data/upload/image/20201215/1608020781680344.jpg','','',0,1,0,'admin',1608020758),(164,12,2,'天津金融培训学院','/data/upload/image/20201215/1608020913110137.jpg','','',0,1,0,'admin',1608020791),(165,12,2,'天津航空机电105厂','/data/upload/image/20201215/1608021096513836.jpg','','',0,1,0,'admin',1608020919),(166,12,2,'唐山富丁商住楼','/data/upload/image/20201215/1608021157904098.jpg','','',0,1,0,'admin',1608021136),(167,12,2,'苏州上亿国际汽车城','/data/upload/image/20201215/1608021307736533.jpg','','',0,1,0,'admin',1608021160),(168,12,2,'苏州都市花园八期','/data/upload/image/20201215/1608021344527737.jpg','','',0,1,0,'admin',1608021312),(169,12,2,'苏州东方维罗纳学校','/data/upload/image/20201215/1608021373773684.jpg','','',0,1,0,'admin',1608021350),(170,12,2,'上海复旦大学视觉艺术学院图文中心','/data/upload/image/20201215/1608021808753506.jpg','','',0,1,0,'admin',1608021417),(171,12,2,'如皋文峰城市广场','/data/upload/image/20201215/1608021892189829.jpg','','',0,1,0,'admin',1608021812),(172,12,2,'青海泰阳国际商贸城工程','/data/upload/image/20201215/1608021922722639.jpg','','',0,1,0,'admin',1608021896),(173,12,2,'青海格尔木世邦城市广场','/data/upload/image/20201215/1608021941374666.jpg','','',0,1,0,'admin',1608021925),(174,12,2,'启东中学人才公寓楼及国际学术交流中心','/data/upload/image/20201215/1608021985551424.jpg','','',0,1,0,'admin',1608021947),(175,12,2,'启东文峰大世界','/data/upload/image/20201215/1608022006157584.jpg','','',0,1,0,'admin',1608021988),(176,12,2,'启东市中医院','/data/upload/image/20201215/1608022030939661.jpg','','',0,1,0,'admin',1608022012),(177,12,2,'启东市人民医院门急诊大楼','/data/upload/image/20201215/1608022053951054.jpg','','',0,1,0,'admin',1608022035),(178,12,2,'启东市明天广场高层住宅小区','/data/upload/image/20201215/1608022075732306.jpg','','',0,1,0,'admin',1608022059),(179,12,2,'启东市行政综合服务中心','/data/upload/image/20201215/1608022100923535.jpg','','',0,1,0,'admin',1608022080),(180,12,2,'南通中南世纪花城','/data/upload/image/20201215/1608022121446631.jpg','','',0,1,0,'admin',1608022104),(181,12,2,'南通市行政中心','/data/upload/image/20201215/1608022161410135.jpg','','',0,1,0,'admin',1608022126),(182,12,2,'连云港新华广场商业办公楼及高层生活区','/data/upload/image/20201215/1608022189659049.jpg','','',0,1,0,'admin',1608022165),(183,12,2,'江苏省启东中学','/data/upload/image/20201215/1608022216346736.jpg','','',0,1,0,'admin',1608022197),(184,12,2,'黑龙江齐齐哈尔党政机关办公中心','/data/upload/image/20201215/1608022421393863.jpg','','',0,1,0,'admin',1608022405),(185,12,2,'杭州锦绣天地大酒店装饰工程','/data/upload/image/20201215/1608022464332451.jpg','','',0,1,0,'admin',1608022428),(186,12,2,'海安文峰大世界','/data/upload/image/20201215/1608022837271814.jpg','','',0,1,0,'admin',1608022824),(187,12,2,'独山子国家石油储备基地工程','/data/upload/image/20201215/1608022861894398.jpg','','',0,1,0,'admin',1608022846),(188,12,2,'独山子国家石油储备基地','/data/upload/image/20201215/1608022881351620.jpg','','',0,1,0,'admin',1608022875),(189,12,2,'淮安花漾商业城','/data/upload/image/20201215/1608022926390348.jpg','','',0,1,0,'admin',1608022884),(190,12,2,'海万宝国际广场','/data/upload/image/20201215/1608022983492618.jpg','','',0,1,0,'admin',1608022929),(191,12,2,'启东地标工程——环球大厦','/data/upload/image/20201215/1608023069490592.jpg','','',0,1,0,'admin',1608023054),(192,12,2,'西安方元公寓培训楼','/data/upload/image/20201215/1608023099239683.jpg','','',0,1,0,'admin',1608023074),(193,12,2,'于家堡金融区03-25地块','/data/upload/image/20201215/1608023221423645.jpg','','',0,1,0,'admin',1608023203),(194,13,2,'徐州绿地之窗K地块工程','/data/upload/image/20201215/1608023502382712.jpg','','',0,1,0,'admin',1608023497),(195,13,2,'西安生态半岛•玫瑰苑','/data/upload/image/20201215/1608023521760875.jpg','','',0,1,0,'admin',1608023505),(196,13,2,'苏州东方维罗纳学校','/data/upload/image/20201215/1608023541304005.jpg','','',0,1,0,'admin',1608023534),(197,13,2,'启东蝶湖商务酒店','/data/upload/image/20201215/1608023604843267.jpg','','',0,1,0,'admin',1608023579),(198,13,2,'连云港天一居二期工程','/data/upload/image/20201215/1608023632375662.jpg','','',0,1,0,'admin',1608023615),(199,13,2,'河北三河蓝湾公寓','/data/upload/image/20201215/1608023655497754.jpg','','',0,1,0,'admin',1608023638),(200,13,2,'安徽潜山益兴名流花苑','/data/upload/image/20201215/1608023694666133.jpg','','',0,1,0,'admin',1608023678),(201,13,2,'西宁中心广场北广场一期建设二标段工程','/data/upload/image/20201215/1608023717808902.jpg','','',0,1,0,'admin',1608023700),(202,13,2,'天津农商银行制卡生产工程','/data/upload/image/20201215/1608023740391093.jpg','','',0,1,0,'admin',1608023722),(203,14,2,'盐城亭湖区交投、城投商务中心','/data/upload/image/20201215/1608023796621037.jpg','','',0,1,0,'admin',1608023773),(204,14,2,'吴江市华润凯旋门项目一期二标段工程','/data/upload/image/20201215/1608023818805886.jpg','','',0,1,0,'admin',1608023802),(205,14,2,'启东文峰大世界','/data/upload/image/20201215/1608023837615940.jpg','','',0,1,0,'admin',1608023822),(206,14,2,'淮安华信广场商住楼','/data/upload/image/20201215/1608023860837825.jpg','','',0,1,0,'admin',1608023842),(207,14,2,'河北省三河市燕郊镇首尔园•甜城','/data/upload/image/20201215/1608023881373190.jpg','','',0,1,0,'admin',1608023864),(208,14,2,'河北省三河市燕郊镇首尔园•甜城','/data/upload/image/20201215/1608023908636568.jpg','','',0,3,0,'admin',1608023884),(209,14,2,'泗阳天骄名人家园','/data/upload/image/20201215/1608023946336311.jpg','','',0,3,6,'admin',1608023914),(210,14,2,'中央大道西延头兴港大桥','/data/upload/image/20201215/1608023986676859.jpg','','',0,3,1,'admin',1608023954),(211,14,2,'银川中房玺云台','/data/upload/image/20201215/1608024011512572.jpg','','',0,3,2,'admin',1608023993),(212,14,2,'西宁市三和翠雍星城','/data/upload/image/20201215/1608024035400559.jpg','','',0,3,4,'admin',1608024018),(213,14,2,'启东市民广场','/data/upload/image/20201215/1608024066430280.jpg','','',0,1,4,'admin',1608024048),(214,14,2,'启东市第一中学','/data/upload/image/20201215/1608024096142417.jpg','','',0,1,0,'admin',1608024071),(215,14,2,'宁夏中房城北国际村','/data/upload/image/20201215/1608024114322310.jpg','','',0,1,0,'admin',1608024100),(216,14,2,'江都鸿益千秋四期（南区）商品房','/data/upload/image/20201215/1608024142932611.jpg','','',0,1,0,'admin',1608024122),(217,14,2,'建都房产开发的东辰公寓二期','/data/upload/image/20201215/1608024171217681.jpg','','',0,1,0,'admin',1608024152),(218,14,2,'银川建发大阅城','/data/upload/image/20201215/1608024197809934.jpg','','',0,1,0,'admin',1608024181),(219,14,2,'启东亿丰国际商城','/data/upload/image/20201215/1608024240361151.jpg','','',0,1,0,'admin',1608024233),(220,14,2,'宿迁市妇产医院综合楼','/data/upload/image/20201215/1608024258136132.jpg','','',0,1,0,'admin',1608024242),(221,14,2,'银川长庆燕鸽湖群体住宅','/data/upload/image/20201215/1608024280439722.jpg','','',0,1,0,'admin',1608024263),(222,14,2,'银川•建发大阅城','/data/upload/image/20201215/1608024302168355.jpg','','',0,1,0,'admin',1608024285),(223,21,7,'视频1','/data/upload/image/20201130/1606719353179398.jpg','','',0,1,0,'admin',1608103160),(224,21,7,'城市水水水水','/data/upload/image/20201130/1606719353179398.jpg','','',0,1,0,'admin',1608256769),(225,21,7,'啊实打实的','/data/upload/image/20201130/1606719353179398.jpg','','',0,1,0,'admin',1608103163),(226,21,7,'踩踩踩从','/data/upload/image/20201130/1606719353179398.jpg','','',0,1,0,'admin',1608256778),(227,21,7,'长沙市水水水水','/data/upload/image/20201130/1606719353179398.jpg','','',0,1,0,'admin',1608256786),(228,21,7,'现场v现场v下','/data/upload/image/20201130/1606719353179398.jpg','','',0,1,0,'admin',1608103203),(229,21,7,'啊','/data/upload/image/20201130/1606719353179398.jpg','','',0,1,0,'admin',1608103656),(230,21,7,'测试3','/data/upload/image/20201130/1606719353179398.jpg','','',0,1,3,'admin',1608256762),(231,21,7,'测试1','/data/upload/image/20201130/1606719353179398.jpg','','',0,1,0,'admin',1608256756),(232,22,1,'测试','','','',0,1,0,'admin',1608105576),(233,22,1,'dfd','','','',0,1,0,'admin',1608105582),(234,22,1,'参加','','','',0,1,0,'admin',1608105588),(235,22,1,'单页','','','',0,1,0,'admin',1608105615),(236,22,1,'测试页面','','','',0,1,0,'admin',1608105624),(237,22,1,'123','','','',0,1,0,'admin',1608105646),(238,22,1,'456','','','',0,1,0,'admin',1608105663),(239,22,1,'啊','','','',0,1,0,'admin',1608105673),(240,22,1,'hdbgaj','','','',0,1,0,'admin',1608105681),(241,22,1,'sdewe','','','',0,1,0,'admin',1608105689),(242,23,1,'123','','','',0,1,0,'admin',1608105710),(243,23,1,'测试页面','','','',0,1,0,'admin',1608105718),(244,23,1,'页面','','','',0,1,0,'admin',1608105725),(245,23,1,'双页面','','','',0,1,0,'admin',1608105734),(246,23,1,'789','','','',0,1,0,'admin',1608105745),(247,23,1,'测试','','','',0,1,1,'admin',1608105750),(248,23,1,'cfdsf','','','',0,1,0,'admin',1608105765),(249,23,1,'vghj','','','',0,1,0,'admin',1608105776),(250,21,7,'测试','/data/upload/image/20201130/1606719353179398.jpg','','',0,1,2,'admin',1608256801),(251,21,7,'测试','','','',0,1,1,'admin',1608256741),(252,21,7,'测试','/data/upload/image/20201130/1606719353179398.jpg','','',0,1,2,'admin',1608256798),(253,22,1,'测试','','','',0,1,0,'admin',1608272739),(254,22,1,'测','','','',0,1,0,'admin',1608272745),(255,22,1,'测','','','',0,1,1,'admin',1608272748),(256,23,1,'尺寸','','','',0,1,0,'admin',1608272759),(257,23,1,'c额','','','',0,1,0,'admin',1608272762),(258,23,1,'册','','','',0,1,0,'admin',1608272767),(259,21,7,'测','/data/upload/image/20201130/1606719353179398.jpg','','',0,1,24,'admin',1608273787),(260,27,2,'测试','/template/default/images/al4.jpg','','',0,1,0,'admin',1608536208),(261,27,2,'测试','/template/default/images/al4.jpg','','',0,1,0,'admin',1608536208),(262,27,2,'测试','/template/default/images/al4.jpg','','',0,1,0,'admin',1608536208),(263,27,2,'测试','/template/default/images/al4.jpg','','',0,1,0,'admin',1608536208),(264,27,2,'测试','/template/default/images/al4.jpg','','',0,1,0,'admin',1608536208),(265,27,2,'测试','/template/default/images/al4.jpg','','',0,1,0,'admin',1608536208),(266,27,2,'测试','/template/default/images/al4.jpg','','',0,1,0,'admin',1608536208),(267,5,1,'测试公司','','','地址：北京西丰台区马家堡东路168号院海上花园10号楼1单元168号院邮编：100088E-mail：fsn@jsqj.cn电话：123456456',0,1,0,'admin',1608687398),(268,5,1,'测试1','','','地址：北京西丰台区马家堡东路168号院海上花园10号楼1单元168号院邮编：100088E-mail：fsn@jsqj.cn电话：123456456',0,1,0,'admin',1608687404),(269,5,1,'纯纯粹粹','','','地址：北京西丰台区马家堡东路168号院海上花园10号楼1单元168号院邮编：100088E-mail：fsn@jsqj.cn电话：123456456',0,1,0,'admin',1608687409),(270,6,1,'工程师','','','工作地点：上海',0,1,0,'admin',1608687501),(271,6,1,'嘻嘻嘻','','','工作地点：65465',0,1,0,'admin',1608687565),(272,6,1,'钱钱钱','','','工作地点：111',0,1,1,'admin',1608687574),(273,6,1,'工程师','','','工作地点：广州',0,1,0,'admin',1608687611),(274,21,7,'Layer','/data/upload/image/20201130/1606719353179398.jpg','','',0,1,3,'admin',1609134445);
/*!40000 ALTER TABLE `cn_content` ENABLE KEYS */;
UNLOCK TABLES;

--
-- Table structure for table `cn_content_news`
--

DROP TABLE IF EXISTS `cn_content_news`;
/*!40101 SET @saved_cs_client     = @@character_set_client */;
/*!40101 SET character_set_client = utf8 */;
CREATE TABLE `cn_content_news` (
  `id` mediumint(8) NOT NULL,
  `catid` smallint(5) NOT NULL,
  `content` mediumtext NOT NULL,
  `zuozhe` varchar(255) NOT NULL,
  `laiyuan` varchar(255) NOT NULL,
  PRIMARY KEY (`id`),
  KEY `catid` (`catid`)
) ENGINE=MyISAM DEFAULT CHARSET=utf8;
/*!40101 SET character_set_client = @saved_cs_client */;

--
-- Dumping data for table `cn_content_news`
--

LOCK TABLES `cn_content_news` WRITE;
/*!40000 ALTER TABLE `cn_content_news` DISABLE KEYS */;
INSERT INTO `cn_content_news` VALUES (1,8,'','',''),(2,8,'','',''),(3,8,'','',''),(82,9,'&lt;p style=&quot;text-align: left;&quot;&gt;12月23日，启东市首届“陶桂林杯”建筑职工技能比武大赛在启东建筑集团现代建筑产业基地（启东市筑城装配式建筑有限公司）隆重举行。本次大赛由市总工会、人社局、住建局主办，启东建筑集团与启安建设集团共同协办，比赛旨在弘扬新时代工匠精神，展示新启东铁军风采！&lt;/p&gt;&lt;p style=&quot;text-align:center&quot;&gt;&lt;img src=&quot;/data/upload/image/20201215/1608016219950525.png&quot; title=&quot;1608016219950525.png&quot; alt=&quot;1160ce95-7e23-4b16-90ee-ce67e23baaf5.png&quot;/&gt;&lt;/p&gt;&lt;p style=&quot;text-align: left;&quot;&gt;本次大赛共设11个比赛工种，分别为木工、钢筋工、砌筑工、架子工、油漆工、防水工、焊工、电工、管道工、抹灰工、塔吊司索工，来自全市19家建筑企业的220余名建筑职工参加了此次技能比武大赛。其中，塔吊司索工和油漆工此前已分别在启东建筑集团旗下的启东建筑机械厂及承建的指南润滑项目部进行了比赛。&lt;/p&gt;&lt;p style=&quot;text-align:center&quot;&gt;&lt;img src=&quot;/data/upload/image/20201215/1608016226886516.png&quot; title=&quot;1608016226886516.png&quot; alt=&quot;e1c8b9a6-909f-495f-a463-87d6cd9df1e9.png&quot;/&gt;&lt;/p&gt;&lt;p style=&quot;text-align: left;&quot;&gt;启东市副市长佘德华到场致开幕辞，主办单位市住建局局长朱海荣、市总工会主席陈张贤、人社局相关领导及协办单位启东建筑集团董事长陈向阳、启安建设集团董事长殷炜东出席了大赛开幕式。&lt;/p&gt;&lt;p style=&quot;text-align: left;&quot;&gt;集团公司高度重视此次技能比武大赛，做了充分准备。公司参赛队伍在笔试和实操两项考核中，发挥稳定，取得了较好的成绩。在11个工种比赛中，木工、钢筋工、砌筑工、架子工、油漆工、防水工、电工、塔吊司索工等8个工种的第一名均由我公司斩获（9人获得一等奖）。此外，公司还获12项二等奖（共计14人），14项三等奖，集团旗下的金典公司获2项三等奖，集团公司获评优秀组织奖。&lt;/p&gt;&lt;p style=&quot;text-align:center&quot;&gt;&lt;img src=&quot;/data/upload/image/20201215/1608016234901193.png&quot; title=&quot;1608016234901193.png&quot; alt=&quot;8fc1820c-77a0-4fc3-b039-ce1c95be8d0e.png&quot;/&gt;&lt;/p&gt;&lt;p style=&quot;text-align: left;&quot;&gt;工匠精神，匠心为本。本次技能比武大赛充分展现了启东建筑集团技术工人娴熟精湛的操作技能和深厚扎实的理论功底，真实地检验了操作岗位员工的技术水平和精神风貌，弘扬了精益求精的工匠精神，激励广大员工走技能成才之路，为集团公司高质量发展提供坚实的人才基础。&lt;/p&gt;&lt;p style=&quot;text-align:center&quot;&gt;&lt;img src=&quot;/data/upload/image/20201215/1608016184640567.png&quot; title=&quot;1608016184640567.png&quot; alt=&quot;c3b7058d-7a2e-436c-9830-c683238ce37a.png&quot;/&gt;&lt;/p&gt;&lt;p style=&quot;text-align: left;&quot;&gt;比赛结束后，颁奖典礼在启东建筑集团旗下的印象沙地休闲农庄举行。&lt;/p&gt;&lt;p&gt;&amp;nbsp;&lt;/p&gt;&lt;section&gt;&lt;p style=&quot;text-align: left;&quot;&gt;木工组&lt;/p&gt;&lt;/section&gt;&lt;section&gt;&lt;p style=&quot;text-align: left;&quot;&gt;一等奖&lt;/p&gt;&lt;/section&gt;&lt;section&gt;&lt;p style=&quot;text-align: left;&quot;&gt;启东建筑集团有限公司&amp;nbsp;&amp;nbsp;卞红飞&lt;/p&gt;&lt;/section&gt;&lt;section&gt;&lt;p style=&quot;text-align: left;&quot;&gt;二等奖&lt;/p&gt;&lt;/section&gt;&lt;section&gt;&lt;p style=&quot;text-align: left;&quot;&gt;启东建筑集团有限公司&amp;nbsp;&amp;nbsp;黄建华&lt;/p&gt;&lt;/section&gt;&lt;section&gt;&lt;p style=&quot;text-align: left;&quot;&gt;江苏银洲建设集团有限公司&amp;nbsp; 范明祥&lt;/p&gt;&lt;/section&gt;&lt;section&gt;&lt;p style=&quot;text-align: left;&quot;&gt;三等奖&lt;/p&gt;&lt;/section&gt;&lt;section&gt;&lt;p style=&quot;text-align: left;&quot;&gt;江苏八建集团有限公司&amp;nbsp;&amp;nbsp;&amp;nbsp;陈&amp;nbsp; 杰&lt;/p&gt;&lt;/section&gt;&lt;section&gt;&lt;p style=&quot;text-align: left;&quot;&gt;江苏银洲建设集团有限公司&amp;nbsp; 施惠金&lt;/p&gt;&lt;/section&gt;&lt;section&gt;&lt;p style=&quot;text-align: left;&quot;&gt;江苏南通二建集团有限公司&amp;nbsp; 陈惠泉&lt;/p&gt;&lt;/section&gt;&lt;section&gt;&lt;p style=&quot;text-align: left;&quot;&gt;启东建筑集团有限公司&amp;nbsp;&amp;nbsp;&amp;nbsp;&amp;nbsp;&amp;nbsp; 倪&amp;nbsp; 健&lt;/p&gt;&lt;/section&gt;&lt;section&gt;&lt;p&gt;&amp;nbsp;&lt;/p&gt;&lt;/section&gt;&lt;section&gt;&lt;p style=&quot;text-align: left;&quot;&gt;钢筋工组&lt;/p&gt;&lt;/section&gt;&lt;section&gt;&lt;p style=&quot;text-align: left;&quot;&gt;一等奖&lt;/p&gt;&lt;/section&gt;&lt;section&gt;&lt;p style=&quot;text-align: left;&quot;&gt;启东建筑集团有限公司&amp;nbsp;&amp;nbsp;胡&amp;nbsp; 君&lt;/p&gt;&lt;/section&gt;&lt;section&gt;&lt;p style=&quot;text-align: left;&quot;&gt;二等奖&lt;/p&gt;&lt;/section&gt;&lt;section&gt;&lt;p style=&quot;text-align: left;&quot;&gt;启东建筑集团有限公司&amp;nbsp;&amp;nbsp;李松飞&lt;/p&gt;&lt;/section&gt;&lt;section&gt;&lt;p style=&quot;text-align: left;&quot;&gt;启东建筑集团有限公司&amp;nbsp;&amp;nbsp;黄建松&lt;/p&gt;&lt;/section&gt;&lt;section&gt;&lt;p style=&quot;text-align: left;&quot;&gt;三等奖&lt;/p&gt;&lt;/section&gt;&lt;section&gt;&lt;p style=&quot;text-align: left;&quot;&gt;启东建筑集团有限公司&amp;nbsp;&amp;nbsp;张&amp;nbsp; 辉&lt;/p&gt;&lt;/section&gt;&lt;section&gt;&lt;p style=&quot;text-align: left;&quot;&gt;启东建筑集团有限公司&amp;nbsp;&amp;nbsp;杨海东&lt;/p&gt;&lt;/section&gt;&lt;section&gt;&lt;p style=&quot;text-align: left;&quot;&gt;江苏启安建设集团有限公司&amp;nbsp; 张迎春&lt;/p&gt;&lt;/section&gt;&lt;section&gt;&lt;p style=&quot;text-align: left;&quot;&gt;江苏银洲建设集团有限公司&amp;nbsp; 陈永林&lt;/p&gt;&lt;/section&gt;&lt;section&gt;&lt;p&gt;&amp;nbsp;&lt;/p&gt;&lt;/section&gt;&lt;section&gt;&lt;p style=&quot;text-align: left;&quot;&gt;砌筑工组&lt;/p&gt;&lt;/section&gt;&lt;section&gt;&lt;p style=&quot;text-align: left;&quot;&gt;一等奖&lt;/p&gt;&lt;/section&gt;&lt;section&gt;&lt;p style=&quot;text-align: left;&quot;&gt;启东建筑集团有限公司&amp;nbsp;&amp;nbsp;沈卫彬&lt;/p&gt;&lt;/section&gt;&lt;section&gt;&lt;p style=&quot;text-align: left;&quot;&gt;二等奖&lt;/p&gt;&lt;/section&gt;&lt;section&gt;&lt;p style=&quot;text-align: left;&quot;&gt;江苏银洲建设集团有限公司&amp;nbsp; 张正兵&lt;/p&gt;&lt;/section&gt;&lt;section&gt;&lt;p style=&quot;text-align: left;&quot;&gt;江苏八建集团有限公司&amp;nbsp;&amp;nbsp;葛志兵&lt;/p&gt;&lt;/section&gt;&lt;section&gt;&lt;p style=&quot;text-align: left;&quot;&gt;三等奖&lt;/p&gt;&lt;/section&gt;&lt;section&gt;&lt;p style=&quot;text-align: left;&quot;&gt;启东建筑集团有限公司&amp;nbsp;&amp;nbsp;陆忠平&lt;/p&gt;&lt;/section&gt;&lt;section&gt;&lt;p style=&quot;text-align: left;&quot;&gt;江苏八建集团有限公司&amp;nbsp;&amp;nbsp;宋文辉&lt;/p&gt;&lt;/section&gt;&lt;section&gt;&lt;p style=&quot;text-align: left;&quot;&gt;启东建筑集团有限公司&amp;nbsp;&amp;nbsp;周红辉&lt;/p&gt;&lt;/section&gt;&lt;section&gt;&lt;p style=&quot;text-align: left;&quot;&gt;江苏银投建设集团有限公司&amp;nbsp; 姜海周&lt;/p&gt;&lt;/section&gt;&lt;section&gt;&lt;p&gt;&amp;nbsp;&lt;/p&gt;&lt;/section&gt;&lt;section&gt;&lt;p style=&quot;text-align: left;&quot;&gt;架子工组&lt;/p&gt;&lt;/section&gt;&lt;section&gt;&lt;p style=&quot;text-align: left;&quot;&gt;一等奖&lt;/p&gt;&lt;/section&gt;&lt;section&gt;&lt;p style=&quot;text-align: left;&quot;&gt;启东建筑集团有限公司&amp;nbsp;&amp;nbsp;施&amp;nbsp; 辉&lt;/p&gt;&lt;/section&gt;&lt;section&gt;&lt;p style=&quot;text-align: left;&quot;&gt;二等奖&lt;/p&gt;&lt;/section&gt;&lt;section&gt;&lt;p style=&quot;text-align: left;&quot;&gt;启东建筑集团有限公司&amp;nbsp;&amp;nbsp;盛兴兵&lt;/p&gt;&lt;/section&gt;&lt;section&gt;&lt;p style=&quot;text-align: left;&quot;&gt;江苏八建集团有限公司&amp;nbsp;&amp;nbsp;倪小飞&lt;/p&gt;&lt;/section&gt;&lt;section&gt;&lt;p style=&quot;text-align: left;&quot;&gt;三等奖&lt;/p&gt;&lt;/section&gt;&lt;section&gt;&lt;p style=&quot;text-align: left;&quot;&gt;江苏八建集团有限公司&amp;nbsp;&amp;nbsp;施海健&lt;/p&gt;&lt;/section&gt;&lt;section&gt;&lt;p style=&quot;text-align: left;&quot;&gt;江苏银洲建设集团有限公司&amp;nbsp; 包红飞&lt;/p&gt;&lt;/section&gt;&lt;section&gt;&lt;p style=&quot;text-align: left;&quot;&gt;启东建筑集团有限公司&amp;nbsp;&amp;nbsp;陈&amp;nbsp; 辉&lt;/p&gt;&lt;/section&gt;&lt;section&gt;&lt;p style=&quot;text-align: left;&quot;&gt;江苏八建集团有限公司&amp;nbsp;&amp;nbsp;王&amp;nbsp; 群&lt;/p&gt;&lt;/section&gt;&lt;section&gt;&lt;p&gt;&amp;nbsp;&lt;/p&gt;&lt;/section&gt;&lt;section&gt;&lt;p style=&quot;text-align: left;&quot;&gt;抹灰工组&amp;nbsp;&lt;/p&gt;&lt;/section&gt;&lt;section&gt;&lt;p style=&quot;text-align: left;&quot;&gt;一等奖&lt;/p&gt;&lt;/section&gt;&lt;section&gt;&lt;p style=&quot;text-align: left;&quot;&gt;江苏银洲建设集团有限公司&amp;nbsp; 卞士兴&lt;/p&gt;&lt;/section&gt;&lt;section&gt;&lt;p style=&quot;text-align: left;&quot;&gt;二等奖&lt;/p&gt;&lt;/section&gt;&lt;section&gt;&lt;p style=&quot;text-align: left;&quot;&gt;江苏银洲建设集团有限公司&amp;nbsp; 张冬冬&lt;/p&gt;&lt;/section&gt;&lt;section&gt;&lt;p style=&quot;text-align: left;&quot;&gt;江苏启安建设集团有限公司&amp;nbsp; 张志康&lt;/p&gt;&lt;/section&gt;&lt;section&gt;&lt;p style=&quot;text-align: left;&quot;&gt;三等奖&lt;/p&gt;&lt;/section&gt;&lt;section&gt;&lt;p style=&quot;text-align: left;&quot;&gt;江苏银洲建设集团有限公司&amp;nbsp; 李仁飞&lt;/p&gt;&lt;/section&gt;&lt;section&gt;&lt;p style=&quot;text-align: left;&quot;&gt;江苏启安建设集团有限公司&amp;nbsp; 周建银&lt;/p&gt;&lt;/section&gt;&lt;section&gt;&lt;p style=&quot;text-align: left;&quot;&gt;启东建筑集团有限公司&amp;nbsp;&amp;nbsp;郁汉东&lt;/p&gt;&lt;/section&gt;&lt;section&gt;&lt;p style=&quot;text-align: left;&quot;&gt;启东建筑集团有限公司&amp;nbsp;&amp;nbsp;政向东&lt;/p&gt;&lt;/section&gt;&lt;section&gt;&lt;p&gt;&amp;nbsp;&lt;/p&gt;&lt;/section&gt;&lt;section&gt;&lt;p style=&quot;text-align: left;&quot;&gt;油漆工组&lt;/p&gt;&lt;/section&gt;&lt;section&gt;&lt;p style=&quot;text-align: left;&quot;&gt;一等奖&lt;/p&gt;&lt;/section&gt;&lt;section&gt;&lt;p style=&quot;text-align: left;&quot;&gt;启东建筑集团有限公司&amp;nbsp;&amp;nbsp;黄红春&lt;/p&gt;&lt;/section&gt;&lt;section&gt;&lt;p style=&quot;text-align: left;&quot;&gt;二等奖&lt;/p&gt;&lt;/section&gt;&lt;section&gt;&lt;p style=&quot;text-align: left;&quot;&gt;启东建筑集团有限公司&amp;nbsp; &amp;nbsp;王静涛&lt;/p&gt;&lt;/section&gt;&lt;section&gt;&lt;p style=&quot;text-align: left;&quot;&gt;南通龙恒建设工程有限公司&amp;nbsp; 黄&amp;nbsp; 飞&lt;/p&gt;&lt;/section&gt;&lt;section&gt;&lt;p style=&quot;text-align: left;&quot;&gt;三等奖&lt;/p&gt;&lt;/section&gt;&lt;section&gt;&lt;p style=&quot;text-align: left;&quot;&gt;江苏银洲建设集团有限公司&amp;nbsp; 王&amp;nbsp; 辉&lt;/p&gt;&lt;/section&gt;&lt;section&gt;&lt;p style=&quot;text-align: left;&quot;&gt;江苏银洲建设集团有限公司&amp;nbsp; 施永新&lt;/p&gt;&lt;/section&gt;&lt;section&gt;&lt;p style=&quot;text-align: left;&quot;&gt;南通金典装饰工程有限公司&amp;nbsp; 龚柳华&lt;/p&gt;&lt;/section&gt;&lt;section&gt;&lt;p style=&quot;text-align: left;&quot;&gt;南通金典装饰工程有限公司&amp;nbsp; 茅健全&lt;/p&gt;&lt;/section&gt;&lt;section&gt;&lt;p&gt;&amp;nbsp;&lt;/p&gt;&lt;/section&gt;&lt;section&gt;&lt;p style=&quot;text-align: left;&quot;&gt;防水工组&lt;/p&gt;&lt;/section&gt;&lt;section&gt;&lt;p style=&quot;text-align: left;&quot;&gt;一等奖&lt;/p&gt;&lt;/section&gt;&lt;section&gt;&lt;p style=&quot;text-align: left;&quot;&gt;启东建筑集团有限公司&amp;nbsp;&amp;nbsp;&amp;nbsp;&amp;nbsp;&amp;nbsp; 李中华&lt;/p&gt;&lt;/section&gt;&lt;section&gt;&lt;p style=&quot;text-align: left;&quot;&gt;二等奖&lt;/p&gt;&lt;/section&gt;&lt;section&gt;&lt;p style=&quot;text-align: left;&quot;&gt;江苏启安建设集团有限公司&amp;nbsp; 郭朝伍&lt;/p&gt;&lt;/section&gt;&lt;section&gt;&lt;p style=&quot;text-align: left;&quot;&gt;启东建筑集团有限公司&amp;nbsp;&amp;nbsp;&amp;nbsp;&amp;nbsp;&amp;nbsp; 张龚生&lt;/p&gt;&lt;/section&gt;&lt;section&gt;&lt;p style=&quot;text-align: left;&quot;&gt;三等奖&lt;/p&gt;&lt;/section&gt;&lt;section&gt;&lt;p style=&quot;text-align: left;&quot;&gt;启东建筑集团有限公司&amp;nbsp;&amp;nbsp;&amp;nbsp;&amp;nbsp;&amp;nbsp; 薛远东&lt;/p&gt;&lt;/section&gt;&lt;section&gt;&lt;p style=&quot;text-align: left;&quot;&gt;南通凡荣防水工程有限公司&amp;nbsp; 陈&amp;nbsp; 中&lt;/p&gt;&lt;/section&gt;&lt;section&gt;&lt;p style=&quot;text-align: left;&quot;&gt;江苏银洲建设集团有限公司&amp;nbsp; 魏银鸽&lt;/p&gt;&lt;/section&gt;&lt;section&gt;&lt;p style=&quot;text-align: left;&quot;&gt;南通凡荣防水工程有限公司&amp;nbsp; 魏路昊&lt;/p&gt;&lt;/section&gt;&lt;section&gt;&lt;p&gt;&amp;nbsp;&lt;/p&gt;&lt;/section&gt;&lt;section&gt;&lt;p style=&quot;text-align: left;&quot;&gt;管道工组&lt;/p&gt;&lt;/section&gt;&lt;section&gt;&lt;p style=&quot;text-align: left;&quot;&gt;一等奖&lt;/p&gt;&lt;/section&gt;&lt;section&gt;&lt;p style=&quot;text-align: left;&quot;&gt;江苏启安建设集团有限公司&amp;nbsp; 浦裕辉&lt;/p&gt;&lt;/section&gt;&lt;section&gt;&lt;p style=&quot;text-align: left;&quot;&gt;二等奖&lt;/p&gt;&lt;/section&gt;&lt;section&gt;&lt;p style=&quot;text-align: left;&quot;&gt;启东建筑集团有限公司&amp;nbsp;&amp;nbsp;李小兵&lt;/p&gt;&lt;/section&gt;&lt;section&gt;&lt;p style=&quot;text-align: left;&quot;&gt;江苏银洲建设集团有限公司&amp;nbsp; 施薛全&lt;/p&gt;&lt;/section&gt;&lt;section&gt;&lt;p style=&quot;text-align: left;&quot;&gt;三等奖&lt;/p&gt;&lt;/section&gt;&lt;section&gt;&lt;p style=&quot;text-align: left;&quot;&gt;启东建筑集团有限公司&amp;nbsp;&amp;nbsp;杨卫忠&lt;/p&gt;&lt;/section&gt;&lt;section&gt;&lt;p style=&quot;text-align: left;&quot;&gt;江苏八建集团有限公司&amp;nbsp;&amp;nbsp;顾陈辉&lt;/p&gt;&lt;/section&gt;&lt;section&gt;&lt;p style=&quot;text-align: left;&quot;&gt;江苏启安建设集团有限公司&amp;nbsp; 杨燕东&lt;/p&gt;&lt;/section&gt;&lt;section&gt;&lt;p style=&quot;text-align: left;&quot;&gt;江苏南通二建集团有限公司&amp;nbsp; 黄林海&lt;/p&gt;&lt;/section&gt;&lt;section&gt;&lt;p&gt;&amp;nbsp;&lt;/p&gt;&lt;/section&gt;&lt;section&gt;&lt;p style=&quot;text-align: left;&quot;&gt;焊工组&lt;/p&gt;&lt;/section&gt;&lt;section&gt;&lt;p style=&quot;text-align: left;&quot;&gt;一等奖&lt;/p&gt;&lt;/section&gt;&lt;section&gt;&lt;p style=&quot;text-align: left;&quot;&gt;江苏启安建设集团有限公司&amp;nbsp; 周&amp;nbsp; 泽&lt;/p&gt;&lt;/section&gt;&lt;section&gt;&lt;p style=&quot;text-align: left;&quot;&gt;二等奖&lt;/p&gt;&lt;/section&gt;&lt;section&gt;&lt;p style=&quot;text-align: left;&quot;&gt;江苏启安建设集团有限公司&amp;nbsp; 蔡&amp;nbsp; 华&lt;/p&gt;&lt;/section&gt;&lt;section&gt;&lt;p style=&quot;text-align: left;&quot;&gt;启东建筑集团有限公司&amp;nbsp; &amp;nbsp;&amp;nbsp;&amp;nbsp;&amp;nbsp;李正冲&lt;/p&gt;&lt;/section&gt;&lt;section&gt;&lt;p style=&quot;text-align: left;&quot;&gt;三等奖&lt;/p&gt;&lt;/section&gt;&lt;section&gt;&lt;p style=&quot;text-align: left;&quot;&gt;江苏启安建设集团有限公司&amp;nbsp; 倪赛赛&lt;/p&gt;&lt;/section&gt;&lt;section&gt;&lt;p style=&quot;text-align: left;&quot;&gt;启东建筑集团有限公司&amp;nbsp;&amp;nbsp;&amp;nbsp;&amp;nbsp;&amp;nbsp; 沈红飞&lt;/p&gt;&lt;/section&gt;&lt;section&gt;&lt;p style=&quot;text-align: left;&quot;&gt;江苏启安建设集团有限公司&amp;nbsp; 陆兴贤&lt;/p&gt;&lt;/section&gt;&lt;section&gt;&lt;p style=&quot;text-align: left;&quot;&gt;启东建筑集团有限公司&amp;nbsp;&amp;nbsp;&amp;nbsp; &amp;nbsp;&amp;nbsp;陆永涛&lt;/p&gt;&lt;/section&gt;&lt;section&gt;&lt;p&gt;&amp;nbsp;&lt;/p&gt;&lt;/section&gt;&lt;section&gt;&lt;p style=&quot;text-align: left;&quot;&gt;电工组&lt;/p&gt;&lt;/section&gt;&lt;section&gt;&lt;p style=&quot;text-align: left;&quot;&gt;一等奖&lt;/p&gt;&lt;/section&gt;&lt;section&gt;&lt;p style=&quot;text-align: left;&quot;&gt;启东建筑集团有限公司&amp;nbsp;&amp;nbsp;张海东&lt;/p&gt;&lt;/section&gt;&lt;section&gt;&lt;p style=&quot;text-align: left;&quot;&gt;二等奖&lt;/p&gt;&lt;/section&gt;&lt;section&gt;&lt;p style=&quot;text-align: left;&quot;&gt;启东建筑集团有限公司&amp;nbsp;&amp;nbsp;黄&amp;nbsp; 新&lt;/p&gt;&lt;/section&gt;&lt;section&gt;&lt;p style=&quot;text-align: left;&quot;&gt;启东建筑集团有限公司&amp;nbsp; 沈红兵&lt;/p&gt;&lt;/section&gt;&lt;section&gt;&lt;p style=&quot;text-align: left;&quot;&gt;三等奖&lt;/p&gt;&lt;/section&gt;&lt;section&gt;&lt;p style=&quot;text-align: left;&quot;&gt;启东建筑集团有限公司&amp;nbsp; 袁&amp;nbsp; 伟&lt;/p&gt;&lt;/section&gt;&lt;section&gt;&lt;p style=&quot;text-align: left;&quot;&gt;启东建筑集团有限公司&amp;nbsp;&amp;nbsp;黄庆捷&lt;/p&gt;&lt;/section&gt;&lt;section&gt;&lt;p style=&quot;text-align: left;&quot;&gt;江苏南通二建集团有限公司&amp;nbsp; 郭新华&lt;/p&gt;&lt;/section&gt;&lt;section&gt;&lt;p style=&quot;text-align: left;&quot;&gt;江苏启安建设集团有限公司&amp;nbsp; 姜郁松&lt;/p&gt;&lt;/section&gt;&lt;section&gt;&lt;p&gt;&amp;nbsp;&lt;/p&gt;&lt;/section&gt;&lt;section&gt;&lt;p style=&quot;text-align: left;&quot;&gt;塔吊司索工组合&lt;/p&gt;&lt;/section&gt;&lt;section&gt;&lt;p style=&quot;text-align: left;&quot;&gt;一等奖&lt;/p&gt;&lt;/section&gt;&lt;section&gt;&lt;p style=&quot;text-align: left;&quot;&gt;启东建筑集团有限公司&amp;nbsp;&amp;nbsp;施锦忠、陆&amp;nbsp; 健&lt;/p&gt;&lt;/section&gt;&lt;section&gt;&lt;p style=&quot;text-align: left;&quot;&gt;二等奖&lt;/p&gt;&lt;/section&gt;&lt;section&gt;&lt;p style=&quot;text-align: left;&quot;&gt;启东建筑集团有限公司&amp;nbsp;&amp;nbsp;陆峰磊、蔡健忠&lt;/p&gt;&lt;/section&gt;&lt;section&gt;&lt;p style=&quot;text-align: left;&quot;&gt;启东建筑集团有限公司&amp;nbsp;&amp;nbsp;秦&amp;nbsp; 健、陆健慧&lt;/p&gt;&lt;/section&gt;&lt;section&gt;&lt;p style=&quot;text-align: left;&quot;&gt;三等奖&lt;/p&gt;&lt;/section&gt;&lt;section&gt;&lt;p style=&quot;text-align: left;&quot;&gt;江苏银洲建设集团有限公司&amp;nbsp; 陈建辉、林卫卫&lt;/p&gt;&lt;/section&gt;&lt;section&gt;&lt;p&gt;&amp;nbsp;&lt;/p&gt;&lt;/section&gt;&lt;section&gt;&lt;p style=&quot;text-align: left;&quot;&gt;优秀组织奖&lt;/p&gt;&lt;/section&gt;&lt;section&gt;&lt;p style=&quot;text-align: left;&quot;&gt;启东建筑集团有限公司&lt;/p&gt;&lt;/section&gt;&lt;section&gt;&lt;p style=&quot;text-align: left;&quot;&gt;江苏启安建设集团有限公司&lt;/p&gt;&lt;/section&gt;&lt;section&gt;&lt;p style=&quot;text-align: left;&quot;&gt;江苏南通二建集团有限公司&lt;/p&gt;&lt;/section&gt;&lt;section&gt;&lt;p style=&quot;text-align: left;&quot;&gt;江苏银洲建设集团有限公司&lt;/p&gt;&lt;/section&gt;&lt;section&gt;&lt;p style=&quot;text-align: left;&quot;&gt;江苏八建集团有限公司&lt;/p&gt;&lt;/section&gt;&lt;p&gt;&lt;/p&gt;','',''),(83,9,'&lt;p&gt;近年来，保护主义、孤立主义以及逆全球化思潮对本已蹒跚前行的世界经济构成严重威胁。在国际上，诸多有识之士发出了捍卫全球化、维护自由贸易、抵制保护主义、促进共同发展的呼吁。在这样的背景下，“一带一路”倡议着眼于构建人类命运共同体，坚持共商共建共享原则，为推动全球治理体系变革和经济全球化作出了贡献。国际货币基金组织总裁拉加德曾评价说，“一带一路”倡议有助于推进更强有力的经济合作，发展前景十分广阔。&lt;/p&gt;&lt;p&gt;　　“一带一路”对于全球贸易和投资的持续和稳定的增长起到了推动作用。正如瑞士联邦主席毛雷尔所言，全球化是世界发展制胜法宝，要实现全球化，就离不开各类基础设施建设，从这个意义上说，“一带一路”倡议是面向未来的倡议，将能为实现全球化作出贡献，各国都可以从改善和提升基础设施水平中受益。&lt;/p&gt;&lt;p&gt;　　首先，“一带一路”有力地推动了共建国家和地区之间深化贸易合作。世界银行的一项研究分析了共建“一带一路”倡议对71个潜在参与国的贸易影响，发现共建“一带一路”倡议将使参与国之间的贸易往来增加4.1%。2018年，中国与相关国家货物贸易进出口总额达到1.3万亿美元，同比增长16.4%。中国与相关国家服务贸易也由小到大、稳步发展。&lt;/p&gt;&lt;p&gt;　　其次，“一带一路”为投资便利、资金融通奠定了坚实的基础。世界银行研究表明，预计“一带一路”相关国家的外商直接投资总额将增加4.97%。与此同时，共建“一带一路”支持开展多元化投资，鼓励进行第三方市场合作，推动形成普惠发展、共享发展的产业链、供应链、服务链、价值链，为沿线国家加快发展提供新的动能。&lt;/p&gt;&lt;p&gt;　　再次，“一带一路”为贸易和投资提供了创新平台，有力地促进了相关国家和地区之间的贸易和投资往来。有报道称，跨境电子商务等新业态、新模式正成为推动贸易畅通的重要新生力量。2018年，通过中国海关跨境电子商务管理平台零售进出口商品总额达203亿美元，同比增长50%，其中出口84.8亿美元，同比增长67.0%，进口118.7亿美元，同比增长39.8%。“丝路电商”合作蓬勃兴起，中国与17个国家建立双边电子商务合作机制，在金砖国家等多边机制下形成电子商务合作文件，加快了企业对接和品牌培育的实质性步伐。在此期间，沿线国家还不断深化长期稳定、互利共赢的金融合作关系，各类创新金融产品不断推出，大大拓宽了共建“一带一路”的融资渠道。&lt;/p&gt;&lt;p&gt;　　展望未来，共建“一带一路”既面临诸多问题和挑战，更充满前所未有的机遇和发展前景。共建“一带一路”，将继续致力于维护全球自由贸易体系和开放型世界经济，推动各国经济联动融通，为经济全球化建桥修路，为不确定的世界经济带来更多确定性。&lt;/p&gt;&lt;p&gt;&lt;br/&gt;&lt;/p&gt;','',''),(84,9,'&lt;p style=&quot;text-align: left;&quot;&gt;国新办14日上午举行新闻发布会，会上国家统计局新闻发言人刘爱华介绍了2018年10月份国民经济运行情况。她表示，1-10月基础设施投资在年内出现了首次增速回升，从未来发展看，还是要从政策支撑等方面加大对基础设施的支持，促进基础设施投资的企稳回升。&lt;/p&gt;&lt;p&gt;&amp;nbsp;&lt;/p&gt;&lt;p style=&quot;text-align:center&quot;&gt;&lt;img src=&quot;/data/upload/image/20201215/1608016400129507.jpg&quot; title=&quot;1608016400129507.jpg&quot; alt=&quot;0s9d8mZjRA-HLh_qZk4S6g.jpg&quot;/&gt;&lt;/p&gt;&lt;p style=&quot;text-align: left;&quot;&gt;图为中国散裂中子源快循环同步加速器。中新社发 中科院高能所供图&lt;/p&gt;&lt;p&gt;&amp;nbsp;&lt;/p&gt;&lt;p style=&quot;text-align: left;&quot;&gt;　　会上有记者提问，1-10月基础设施投资增速回升比较明显，主要体现在哪些领域的投资加快?另外对于未来的趋势怎么看?&lt;/p&gt;&lt;p style=&quot;text-align: left;&quot;&gt;　　刘爱华表示，1-10月基础设施投资在年内出现了首次增速回升。1-10月份基础设施投资同比增长3.7%，比前三季度加快0.4个百分点。加快比较多的有以下三方面：一是生态环境保护和环境治理业增长比较快，1-10月增长36.7%，比前三季度加快了3个百分点;二是道路运输业1-10月增长10.1%，也是有所加快;三是民间投资投向基础设施也是加快的，1-10月份增长6.3%，比前三季度加快1.2个百分点。&lt;/p&gt;&lt;p style=&quot;text-align: left;&quot;&gt;　　结构上可以看到，基础设施的加快主要是体现在一些短板领域，包括生态环境、道路运输，再有表现在民间投资的加快，这说明目前采取的PPP项目对民营企业进入的鼓励、支持和引导政策都见到了效果，政策落实的力度确实在加大，像前期停缓建的基建项目陆的开工复工，一些重大水利、交通、能源等基础设施项目进度加快，体现了政策支撑对基础设施投资回升的作用。&lt;/p&gt;&lt;p style=&quot;text-align: left;&quot;&gt;　　刘爱华指出，但也要看到，3.7%是低位回升，回升的力度和水平都处于低位。从未来发展看，还是要从政策支撑、资金支持、政策落实力度等方面加大对基础设施的支持，加大基础设施补短板的力度，促进基础设施投资的企稳回升。&lt;/p&gt;&lt;p&gt;&lt;br style=&quot;text-align: left;&quot;/&gt;&lt;/p&gt;','',''),(85,9,'&lt;p&gt;在全球经济前景转淡,IMF下修全球经济增长预期的的背景下,三季度中国经济增长乏力,继续走弱。第3季度国内生产总值23.2万亿元,同比增长6.5%,前值6.7%,市场预期6.6%。前3季度GDP累计同比增长6.7%,较前值下降0.1pct,较去年同期下降0.2pct。从生产端看,9月规模以上工业增加值当月同比增长5.8%,较上月下降0.3pct,持续下滑。从需求看,投资与消费低位企稳。固定资产投资完成额累计同比增速5.4%,较前值提升0.1pct。社会消费品零售总额在中秋节错位情况下当月同比增速为9.2%,略有上行。出口贸易增速在机电产品带动下显着回升,超出预期。但后期面临全球经济预期增速下滑、贸易摩擦升级等不确定因素,我国经济面增长仍面临较大压力。&lt;/p&gt;&lt;p&gt;　　基建投资增速已处于&amp;quot;至暗时刻&amp;quot;,四季度有望边际回暖。9月基建投资(不含电力)累计同比增速3.3%,较上月下降0.9pct,继续探底,拉动固定资产投资增长仅0.7个百分点。受地方财政支出加快影响,四季度基建投资有望走出低谷。近期钢铁、水泥价格持续上涨,也指向基建投资正在加速。但另一方面,基建投资增速难以大幅反弹:财政部门严控整体债务规模、地方政府清理隐性债务风险仍将对基建刺激形成制约。&lt;/p&gt;&lt;p&gt;　　通胀继续抬升,PPI有所回落。9月CPI同比增长2.5%,环比增长0.7%,主要由蔬菜、鲜果、猪肉等食品价格环比上涨推动。食品和汽油价格上涨是未来通胀关注的重点。PPI当月同比增长3.6%,增速有所下降,主要因去年高基数导致。前瞻地看,四季度的通胀压力预计将有限。&lt;/p&gt;&lt;p&gt;　　M2增速基本企稳,社融增长持续回落。9月M2同比增长8.3%,较上月小幅回升0.1pct,主要与地方政府债券及专项债券发行提速、金融机构债券类投资派生存款增加相关。央行年内第二次调整了社融口径,将地方政府专项债纳入统计口径,新口径社融同比增长10.6%,较上月回落0.4pct,且还原旧口径下的社融依然回落。同期高基数、强监管、信用风险发酵均导致社融增长乏力。&lt;/p&gt;&lt;p&gt;　　&amp;quot;宽货币&amp;quot;基调不变,信用债利差走扩。9月央行多操作共增加流动性4,375亿,但受美联储加息和地方债发行加快影响,货币市场利率小幅回升。随着10月份央行降准政策的落实,市场利率有望保持基本稳定。受此影响,9月利率债收益率先升后降。受近期信用违约事件增加、地方债发行提速,信用债利差不断走扩。预期10月央行增信政策作不断出台,信用债利差有望有所回落。&lt;/p&gt;&lt;p&gt;&lt;br/&gt;&lt;/p&gt;','',''),(86,9,'&lt;p&gt;官方数据显示，今年1~8月，全国棚改新开工465万套，占年度目标任务的80%，完成投资11900多亿元。&lt;/p&gt;&lt;p&gt;　　在历经连续三年棚改新开工超过600万套的高峰后，我国棚户区改造步入攻坚期，在防止地方随意扩大范围的要求下，明年新开工规模有望逐渐缩减，上下游相关产业或受到一定影响。&lt;/p&gt;&lt;p&gt;　　纠偏地方&lt;/p&gt;&lt;p&gt;　　国务院总理李克强10月8日主持召开国务院常务会议，部署推进棚户区改造工作，进一步改善住房困难群众居住条件。&lt;/p&gt;&lt;p&gt;　　会议指出，严格把好棚改范围和标准，坚持将老城区内脏乱差的棚户区和国有工矿区、林区、垦区棚户区作为改造重点。各地要严格评估财政承受能力，科学确定2019年度棚改任务。&lt;/p&gt;&lt;p&gt;　　从上述两个“严格”的表述中，已然可以看出今后棚改工作的新动向，即一方面要坚持推进而非叫停这一民生工程，另一方面又要即时纠正地方实际工作中的一些偏差做法，比如随意扩大棚改范围或者棚改成本控制不严等。&lt;/p&gt;&lt;p&gt;　　棚改对改善住房困难群众居住条件、补上发展短板、扩大有效需求等发挥了一举多得的重要作用。这也成为中国近年来推动大规模棚改的主要考量。&lt;/p&gt;&lt;p&gt;　　随着棚改开工规模的逐年增加，也出现了有地方对棚改范围和标准把握不严的情况。&lt;/p&gt;&lt;p&gt;　　住建部7月份表示，这些年各地对棚户区范围和标准的执行，总体上是好的，但一些地方还存在一些问题。比如，有的地方将棚改政策覆盖范围扩大到了一般建制镇，有的将道路拓展、历史街区保护、文物修缮等带来的房屋拆迁改造项目纳入了棚改范围，也有的把房龄不长、结构比较安全的居民楼纳入了棚改范围。&lt;/p&gt;&lt;p&gt;　　对此情况，住建部称，将进一步合理界定和把握棚改的范围和标准。各地要坚持既尽力而为又量力而行的原则，切实评估论证财政承受，不搞一刀切、不层层下指标、不盲目举债铺摊子，进一步合理界定和把握棚改的标准和范围，重点攻坚改造老城区内脏乱差的棚户区和国有工矿、林区、垦区棚户区。&lt;/p&gt;&lt;p&gt;　　在控制棚改成本方面，住建部要求，各地要树立精打细算理念，严格依法依规办事，严禁大手大脚花钱，严禁违规支出，确保按合同约定及时偿还棚改贷款，努力实现市域范围内棚改资金总体平衡。&lt;/p&gt;&lt;p&gt;　　开工量高位回落&lt;/p&gt;&lt;p&gt;　　近期业界对棚改货币化政策是否收紧格外关注，认为其将影响三四线楼市格局，但另一个值得关注的信号是棚改开工规模将逐年减少，这给上下游相关产业发展带来的影响将更为直接。&lt;/p&gt;&lt;p&gt;　　在2015～2017连续三年棚改量超过600万套后，2017年5月份国务院常务会议决定，实施2018年到2020年3年棚改攻坚计划，再改造各类棚户区1500万套。换言之，与2015~2017年三年计划相比，今后三年年均棚改开工量将下调至500万套，年均减少100万套。&lt;/p&gt;&lt;p&gt;　　中原地产首席分析师张大伟认为，目前市场对棚改政策十分敏感，特别是三四线城市，较为依赖棚改的货币化安置。必须明确的是，棚改的数量将减少，这已经是2018年的政策要求，另外货币化安置政策的逐渐收紧也已经是趋势，但一刀切的可能性并不存在。&lt;/p&gt;&lt;p&gt;　　从一些地方发布的三年棚改计划来看，设定的棚改开工量也将逐年减少。&lt;/p&gt;&lt;p&gt;　　《安徽省棚户区2018～2020年改造三年计划实施方案》显示，全省计划2018～2020年共改造各类棚户区71.34万套。其中，2018年计划改造25.54万套，2019年计划改造23.08万套，2020年计划改造22.72万套。&lt;/p&gt;&lt;p&gt;　　今年政府工作报告要求2018年全国棚改开工580万套。数据显示，今年1至9月全国棚改已开工534万套、占全年任务的92%以上。按照这个进度，完成全年580万套的棚改指标问题不大，则2019~2020年再开工920万套就能完成三年1500万套的总体任务，平均每年460万套即可。&lt;/p&gt;&lt;p&gt;　　张大伟表示，棚改政策特别是货币化安置政策，应该是到了调整并减少的时候了。他预计棚改政策将明显分化，库存多的城市依然将加速棚改，楼市需求也有一定支撑。但对于前期库存已经明显减少的城市，棚改政策对市场刺激作用将继续减弱。&lt;/p&gt;&lt;p&gt;　　而棚改开工规模略有下降后，直接影响的将是棚改投资总量将有所下降，另外也将对上述相关产业的发展造成一定影响，&lt;/p&gt;&lt;p&gt;　　官方数据显示，今年1~8月，全国棚改新开工465万套，占年度目标任务的80%，完成投资11900多亿元。而2017年全国各类棚户区改造开工609万套，完成投资1.84万亿元。&lt;/p&gt;&lt;p&gt;&lt;br/&gt;&lt;/p&gt;','',''),(12,5,'&lt;p&gt;地址：北京西丰台区马家堡东路168号院海上花园10号楼1单元168号院&lt;br/&gt;邮编：100088&lt;br/&gt;E-mail：fsn@jsqj.cn&lt;/p&gt;','',''),(13,5,'&lt;p&gt;地址：北京西丰台区马家堡东路168号院海上花园10号楼1单元168号院&lt;br/&gt;邮编：100088&lt;br/&gt;E-mail：fsn@jsqj.cn&lt;/p&gt;','',''),(14,5,'&lt;p&gt;地址：北京西丰台区马家堡东路168号院海上花园10号楼1单元168号院&lt;br/&gt;邮编：100088&lt;br/&gt;E-mail：fsn@jsqj.cn&lt;/p&gt;','',''),(15,5,'&lt;p&gt;地址：北京西丰台区马家堡东路168号院海上花园10号楼1单元168号院&lt;br/&gt;邮编：100088&lt;br/&gt;E-mail：fsn@jsqj.cn&lt;/p&gt;','',''),(16,5,'&lt;p&gt;地址：北京西丰台区马家堡东路168号院海上花园10号楼1单元168号院&lt;br/&gt;邮编：100088&lt;br/&gt;E-mail：fsn@jsqj.cn&lt;/p&gt;','',''),(17,5,'&lt;p&gt;地址：北京西丰台区马家堡东路168号院海上花园10号楼1单元168号院&lt;br/&gt;邮编：100088&lt;br/&gt;E-mail：fsn@jsqj.cn&lt;br/&gt;电话：123456456&lt;/p&gt;','',''),(18,6,'&lt;p&gt;学历: 全日制本科及以上 工作经验: 10年+&lt;br/&gt;&lt;span style=&quot;font-size: 22px;color: #333333;&quot;&gt;工作职责:&lt;/span&gt;&lt;br/&gt;1、负责产品的嵌入式软件开发；&lt;br/&gt;2、产品开发的软件需求分析；&lt;br/&gt;3、编写软件规格需求书、流程图、状态图等；&lt;br/&gt;4、参与产品研发过程中的评审工作。&lt;br/&gt;&lt;span style=&quot;font-size: 22px;color: #333333;&quot;&gt;职位要求:&lt;/span&gt;&lt;br/&gt;1、学历及专业：本科及以上学历，工业自动化、电气工程、电力电子、电子信息工程等相关专业。&lt;br/&gt;2、工作经历：&lt;br/&gt;在数字电源、变频器、UPS、光伏发电、新能源汽车、智能仪器仪表等相关行业，嵌入式软件开发10年以上工作经历；&lt;br/&gt;曾独自或作为主要参与人承担过嵌入式开发项目。&lt;br/&gt;3、专业技能：&lt;br/&gt;精通C语言，了解其他软件编程常用语言；&lt;br/&gt;熟悉 ARM处理器、DSP数字信号处理器应用与编程；&lt;br/&gt;熟悉软件研发流程、标准与规范；&lt;br/&gt;&lt;br/&gt;有一定的硬件基础，熟悉处理器周边电路设计。&lt;br/&gt;熟悉AD等电子线路设计软件的应用；&lt;br/&gt;4、外语水平：&lt;br/&gt;可以阅读英文嵌入式文档资料；&lt;br/&gt;能顺利进行英语口语沟通交流的优先。&lt;br/&gt;&lt;/p&gt;','',''),(19,6,'&lt;p&gt;学历: 全日制本科及以上 工作经验: 10年+&lt;br/&gt;&lt;span style=&quot;font-size: 22px;color: #333333;&quot;&gt;工作职责:&lt;/span&gt;&lt;br/&gt;1、负责产品的嵌入式软件开发；&lt;br/&gt;2、产品开发的软件需求分析；&lt;br/&gt;3、编写软件规格需求书、流程图、状态图等；&lt;br/&gt;4、参与产品研发过程中的评审工作。&lt;br/&gt;&lt;span style=&quot;font-size: 22px;color: #333333;&quot;&gt;职位要求:&lt;/span&gt;&lt;br/&gt;1、学历及专业：本科及以上学历，工业自动化、电气工程、电力电子、电子信息工程等相关专业。&lt;br/&gt;2、工作经历：&lt;br/&gt;在数字电源、变频器、UPS、光伏发电、新能源汽车、智能仪器仪表等相关行业，嵌入式软件开发10年以上工作经历；&lt;br/&gt;曾独自或作为主要参与人承担过嵌入式开发项目。&lt;br/&gt;3、专业技能：&lt;br/&gt;精通C语言，了解其他软件编程常用语言；&lt;br/&gt;熟悉 ARM处理器、DSP数字信号处理器应用与编程；&lt;br/&gt;熟悉软件研发流程、标准与规范；&lt;br/&gt;&lt;br/&gt;有一定的硬件基础，熟悉处理器周边电路设计。&lt;br/&gt;熟悉AD等电子线路设计软件的应用；&lt;br/&gt;4、外语水平：&lt;br/&gt;可以阅读英文嵌入式文档资料；&lt;br/&gt;能顺利进行英语口语沟通交流的优先。&lt;br/&gt;&lt;/p&gt;','',''),(20,6,'&lt;p&gt;学历: 全日制本科及以上 工作经验: 10年+&lt;br/&gt;&lt;span style=&quot;font-size: 22px;color: #333333;&quot;&gt;工作职责:&lt;/span&gt;&lt;br/&gt;1、负责产品的嵌入式软件开发；&lt;br/&gt;2、产品开发的软件需求分析；&lt;br/&gt;3、编写软件规格需求书、流程图、状态图等；&lt;br/&gt;4、参与产品研发过程中的评审工作。&lt;br/&gt;&lt;span style=&quot;font-size: 22px;color: #333333;&quot;&gt;职位要求:&lt;/span&gt;&lt;br/&gt;1、学历及专业：本科及以上学历，工业自动化、电气工程、电力电子、电子信息工程等相关专业。&lt;br/&gt;2、工作经历：&lt;br/&gt;在数字电源、变频器、UPS、光伏发电、新能源汽车、智能仪器仪表等相关行业，嵌入式软件开发10年以上工作经历；&lt;br/&gt;曾独自或作为主要参与人承担过嵌入式开发项目。&lt;br/&gt;3、专业技能：&lt;br/&gt;精通C语言，了解其他软件编程常用语言；&lt;br/&gt;熟悉 ARM处理器、DSP数字信号处理器应用与编程；&lt;br/&gt;熟悉软件研发流程、标准与规范；&lt;br/&gt;&lt;br/&gt;有一定的硬件基础，熟悉处理器周边电路设计。&lt;br/&gt;熟悉AD等电子线路设计软件的应用；&lt;br/&gt;4、外语水平：&lt;br/&gt;可以阅读英文嵌入式文档资料；&lt;br/&gt;能顺利进行英语口语沟通交流的优先。&lt;br/&gt;&lt;/p&gt;','',''),(21,6,'&lt;p&gt;学历: 全日制本科及以上 工作经验: 10年+&lt;br/&gt;&lt;span style=&quot;font-size: 22px;color: #333333;&quot;&gt;工作职责:&lt;/span&gt;&lt;br/&gt;1、负责产品的嵌入式软件开发；&lt;br/&gt;2、产品开发的软件需求分析；&lt;br/&gt;3、编写软件规格需求书、流程图、状态图等；&lt;br/&gt;4、参与产品研发过程中的评审工作。&lt;br/&gt;&lt;span style=&quot;font-size: 22px;color: #333333;&quot;&gt;职位要求:&lt;/span&gt;&lt;br/&gt;1、学历及专业：本科及以上学历，工业自动化、电气工程、电力电子、电子信息工程等相关专业。&lt;br/&gt;2、工作经历：&lt;br/&gt;在数字电源、变频器、UPS、光伏发电、新能源汽车、智能仪器仪表等相关行业，嵌入式软件开发10年以上工作经历；&lt;br/&gt;曾独自或作为主要参与人承担过嵌入式开发项目。&lt;br/&gt;3、专业技能：&lt;br/&gt;精通C语言，了解其他软件编程常用语言；&lt;br/&gt;熟悉 ARM处理器、DSP数字信号处理器应用与编程；&lt;br/&gt;熟悉软件研发流程、标准与规范；&lt;br/&gt;&lt;br/&gt;有一定的硬件基础，熟悉处理器周边电路设计。&lt;br/&gt;熟悉AD等电子线路设计软件的应用；&lt;br/&gt;4、外语水平：&lt;br/&gt;可以阅读英文嵌入式文档资料；&lt;br/&gt;能顺利进行英语口语沟通交流的优先。&lt;br/&gt;&lt;/p&gt;','',''),(22,6,'&lt;p&gt;学历: 全日制本科及以上 工作经验: 10年+&lt;br/&gt;&lt;span style=&quot;font-size: 22px;color: #333333;&quot;&gt;工作职责:&lt;/span&gt;&lt;br/&gt;1、负责产品的嵌入式软件开发；&lt;br/&gt;2、产品开发的软件需求分析；&lt;br/&gt;3、编写软件规格需求书、流程图、状态图等；&lt;br/&gt;4、参与产品研发过程中的评审工作。&lt;br/&gt;&lt;span style=&quot;font-size: 22px;color: #333333;&quot;&gt;职位要求:&lt;/span&gt;&lt;br/&gt;1、学历及专业：本科及以上学历，工业自动化、电气工程、电力电子、电子信息工程等相关专业。&lt;br/&gt;2、工作经历：&lt;br/&gt;在数字电源、变频器、UPS、光伏发电、新能源汽车、智能仪器仪表等相关行业，嵌入式软件开发10年以上工作经历；&lt;br/&gt;曾独自或作为主要参与人承担过嵌入式开发项目。&lt;br/&gt;3、专业技能：&lt;br/&gt;精通C语言，了解其他软件编程常用语言；&lt;br/&gt;熟悉 ARM处理器、DSP数字信号处理器应用与编程；&lt;br/&gt;熟悉软件研发流程、标准与规范；&lt;br/&gt;&lt;br/&gt;有一定的硬件基础，熟悉处理器周边电路设计。&lt;br/&gt;熟悉AD等电子线路设计软件的应用；&lt;br/&gt;4、外语水平：&lt;br/&gt;可以阅读英文嵌入式文档资料；&lt;br/&gt;能顺利进行英语口语沟通交流的优先。&lt;br/&gt;&lt;/p&gt;','',''),(48,23,'','',''),(49,23,'','',''),(87,9,'&lt;p&gt;本报讯 记者吴国文报道 为进一步规范房地产开发企业经营行为，净化房地产市场环境，维护房地产市场秩序，保护消费者合法权益，促进房地产市场平稳健康发展，住房城乡建设部近日下发了《关于进一步规范房地产开发企业经营行为维护房地产市场秩序的通知》(以下简称《通知》)。《通知》对房地产开发企业的9种不正当经营行为作出了明确界定：一类是误导、欺诈、炒作行为，包括发布虚假信息和广告、捏造或者散布谣言等;另一类是违法违规销售行为，包括未取得预售许可证销售商品房、变相收取定金预订款、捂盘惜售、暗中加价收费、捆绑搭售、“一房多卖”等。《通知》要求，各地要根据有关法律法规和规章，对这些违法违规行为进行严厉查处。对属于房地产主管部门职责范围的，要抓紧处理;对属于相关部门主管的，要抓紧移交处理;对涉嫌犯罪的，要移交司法机关依法追究刑事责任。在此基础上，要视情节轻重，对房地产开发企业采取书面警示、约谈企业主要负责人、公开通报企业不正当经营行为、列入严重违法失信房地产开发企业名单、在资质审查中重点审核等措施。&lt;/p&gt;&lt;p&gt;　　10月14日，住房城乡建设部召开规范房地产开发企业经营行为维护房地产市场秩序电视电话会议，就进一步整顿规范房地产市场秩序工作进行了部署。会上，保利房地产(集团)股份有限公司代表20家一级资质房地产开发企业向社会公开作出八项承诺：一是不销售未取得预售许可证的商品房;二是不发布虚假广告;三是不捂盘惜售或散布涨价信息;四是真实公布房源，不编造房源紧缺信息;五是不违反规定，将不符合销售条件的商品房，向购房人变相收取定金、预收款、会员费等费用;六是每套房均明码标价，不在销售现场临时提价，不收取价外费用;七是不附加条件或限定消费者权利，迫使购房人接受商品或服务价格;八是不一房二卖。&lt;/p&gt;&lt;p&gt;　　保利房地产(集团)股份有限公司代表20家一级资质房地产开发企业表示：公平的市场秩序、良好的市场环境，需要开发企业共同维护和营造。市场秩序稳企业就走的远，市场环境好企业就发展的好。房地产开发企业不能一边吃房地产的饭一边砸房地产的锅，特别是一级资质房地产开发企业是骨干和龙头，要带头作表率、做标杆。企业能够发展到今天，有了一定的声誉和形象，是落实党的改革开放政策的结果，是企业多年经营积累的结果，这一切来之不易，房地产开发企业一定要心怀感恩、倍加珍惜，恪守企业的责任与使命，做好行业的排头兵。20家开发企业郑重表示：一定要信守承诺，诚信经营，如有违反，自愿承担相应法律责任，欢迎社会各界进行监督。&lt;/p&gt;&lt;p&gt;　　住房城乡建设部要求各地要高度重视，把整顿规范房地产市场秩序工作持之以恒、毫不松懈地抓下去。要加大执法检查力度，加强部门间的协作配合，始终保持高压严查态势。房地产开发企业要对照《通知》，自查不规范行为，加强自律，依法依规经营，诚信守诺。要加快房地产行业的信用体系建设，建立守信联合激励和失信联合惩戒制度，及时公布违法失信企业名单;对查处的严重违法违规典型案例，要公开曝光，形成强大的舆论氛围。&lt;/p&gt;&lt;p&gt;　　来源：中国建设报&lt;/p&gt;&lt;p&gt;&lt;br/&gt;&lt;/p&gt;','',''),(88,9,'&lt;p style=&quot;text-align: left;&quot;&gt;前段时间闹得沸沸扬扬的文章《最强“停工令”》，现在终于有了下文：取消统一的限产停工比例。这就意味着，今年秋冬季的“停工令“不会来了。&lt;/p&gt;&lt;p style=&quot;text-align: left;&quot;&gt;　　为全力做好2018-2019年秋冬季大气污染防治工作，近日，国务院生态环境部正式发布了《京津冀及周边地区2018-2019年秋冬季大气污染综合治理攻坚行动方案》(以下简称《攻坚行动方案》)。小编将其中与建筑业相关的内容整理如下，供各位读者参考。&lt;/p&gt;&lt;p&gt;&amp;nbsp;&lt;/p&gt;&lt;p style=&quot;text-align:center&quot;&gt;&lt;img src=&quot;/data/upload/image/20201215/1608016798555985.jpg&quot; title=&quot;1608016798555985.jpg&quot; alt=&quot;rKC8V9t8Q9yh5aCnZRhATg.jpg&quot;/&gt;&lt;/p&gt;&lt;p&gt;&amp;nbsp;&lt;/p&gt;&lt;p style=&quot;text-align: left;&quot;&gt;　　实施时间&lt;/p&gt;&lt;p style=&quot;text-align: left;&quot;&gt;　　2018 年 10 月 1 日至 2019 年 3 月 31 日&lt;/p&gt;&lt;p style=&quot;text-align: left;&quot;&gt;　　实施范围&lt;/p&gt;&lt;p style=&quot;text-align: left;&quot;&gt;　　京津冀及周边地区，包含北京市，天津市，河北省石家庄、唐山、邯郸、邢台、保定、沧州、廊坊、衡水市，山西省太原、阳泉、长治、晋城市，山东省济南、淄博、济宁、德州、聊城、滨州、菏泽市，河南省郑州、开封、安阳、鹤壁、新乡、焦作、濮阳市。&lt;/p&gt;&lt;p style=&quot;text-align: left;&quot;&gt;　　《攻坚行动方案》第9条&lt;/p&gt;&lt;p style=&quot;text-align: left;&quot;&gt;　　各地加强扬尘综合治理。严格降尘考核，各城市平均降尘量不得高于 9 吨/月·平方公里。自 2018 年 10 月起，生态环境部每月向社会公布各城市降尘监测结果，各省(市)每月公布区县降尘监测结果。&lt;/p&gt;&lt;p style=&quot;text-align: left;&quot;&gt;　　严格施工和道路扬尘监管。2018 年 10 月底前，各城市建立施工工地动态管理清单。建筑工地要做到工地周边围挡、物料堆放覆盖、土方开挖湿法作业、路面硬化、出入车辆清洗、渣土车辆密闭运输“六个百分之百”。&lt;/p&gt;&lt;p style=&quot;text-align: left;&quot;&gt;　　各地 5000 平方米及以上土石方建筑工地全部安装在线监测和视频监控，并与当地有关主管部门联网。各类长距离的市政、城市道路、水利等线性工程，实行分段施工。&lt;/p&gt;&lt;p style=&quot;text-align: left;&quot;&gt;　　各地要将施工工地扬尘污染防治纳入“文明施工”管理范畴，建立扬尘控制责任制度，扬尘治理费用列入工程造价;将扬尘管理不到位的不良信息纳入建筑市场信用管理体系，情节严重的，列入建筑市场主体“黑名单”;对渣土车辆未做到密闭运输的，一经查处按上限处罚，拒不改正的，车辆不得上道路行驶。大力推进道路清扫保洁机械化作业，提高道路机械化清扫率。&lt;/p&gt;&lt;p style=&quot;text-align: left;&quot;&gt;　　去年的秋冬季污染防治攻坚战中，政府对钢铁、建材、焦化、铸造等行业都设定了具体数额的限产比例，譬如限产30%，甚至50%。这样的“停工令”，导致大批企业被迫停工限产，大量工人失业，引发了一部分负面情绪。今年的《攻坚行动方案》，正是考虑到去年的各种情况，不再“一刀切”式停工停产，而是要求各地方根据实际情况实行差别化错峰生产，仅第9条要求各地加强扬尘综合治理。所以，那些炒作《最强“停工令”》的人可以静静了!&lt;/p&gt;&lt;p&gt;&lt;br style=&quot;text-align: left;&quot;/&gt;&lt;/p&gt;','',''),(89,10,'&lt;p style=&quot;text-align:center&quot;&gt;&lt;img src=&quot;/data/upload/image/20201215/1608016932435645.jpg&quot; title=&quot;1608016932435645.jpg&quot; alt=&quot;2c09f523-2bd2-4675-836c-9bb557efa30b.jpg&quot;/&gt;&lt;/p&gt;&lt;p style=&quot;text-align: left;&quot;&gt;&amp;nbsp; &amp;nbsp; &amp;nbsp; &amp;nbsp;为进一步提高南通市BIM技术应用水平，搭建交流学习平台，11月17日，南通市建筑行业协会举办了第二届“江海杯”BIM技术应用大赛。本次大赛得到了各建筑企业的积极响应，收到26家单位共计69个项目的参赛成果，其中19个项目脱颖而出进入汇报答辩环节。&lt;/p&gt;&lt;p style=&quot;text-align: left;&quot;&gt;&amp;nbsp; &amp;nbsp; &amp;nbsp; &amp;nbsp;比赛通过现场演示、答辩，大赛评委会专家点评、提问、打分，最终角逐名次。&lt;/p&gt;&lt;p style=&quot;text-align: left;&quot;&gt;&amp;nbsp; &amp;nbsp; &amp;nbsp; &amp;nbsp;集团公司BIM技术中心提交的《启东银州希尔顿逸林酒店项目二次机电BIM深化应用》最终脱颖而出，荣获专项组“一等奖”；提交的《启东市公安局技术用房BIM技术综合应用》荣获综合组“二等奖”。&lt;/p&gt;&lt;p style=&quot;text-align: left;&quot;&gt;&amp;nbsp; &amp;nbsp; &amp;nbsp; &amp;nbsp;本次大赛采用云直播的方式，将大赛盛况传送给不能到场的同行，累计观看人数超3万人。&lt;/p&gt;&lt;p style=&quot;text-align:center&quot;&gt;&lt;img src=&quot;/data/upload/image/20201215/1608016947125307.jpg&quot; title=&quot;1608016947125307.jpg&quot; alt=&quot;1e39c66b-e189-4f7f-8ecd-25410a9e3664.jpg&quot;/&gt;&lt;/p&gt;&lt;p style=&quot;text-align: center;&quot;&gt;&lt;img src=&quot;/data/upload/image/20201215/1608016954982181.jpg&quot; title=&quot;1608016954982181.jpg&quot; alt=&quot;8c711702-4e7b-4abf-b99e-f235853db560.jpg&quot;/&gt;&lt;/p&gt;','',''),(90,10,'&lt;p style=&quot;text-align:center&quot;&gt;&lt;img src=&quot;/data/upload/image/20201215/1608017041754852.jpg&quot; title=&quot;1608017041754852.jpg&quot; alt=&quot;cb51f124-2934-4d0b-ba12-a31403ad8386.jpg&quot;/&gt;&lt;/p&gt;&lt;p style=&quot;text-align: left;&quot;&gt;&amp;nbsp; &amp;nbsp; &amp;nbsp; &amp;nbsp;11月11日上午，启东市建筑工程学校在学校本部隆重举行恢复独立办学揭牌仪式。南通市住建局党组副书记、副局长沈卫星、南通市住建局职业教育处处长姜晓云，启东市副市长佘德华及市住建局局长朱海荣、市政府教育督导室副主任施超、人社局副局长王敬珠、市总工会副主席陆建辉等相关部门领导出席活动，南通大学杏林学院、通州建校等合作单位嘉宾应邀参加，全市各等级资质建筑企业代表等共200余人参加了揭牌仪式。启东市住建局副局长郭鉴生主持活动。&lt;/p&gt;&lt;p style=&quot;text-align: left;&quot;&gt;&amp;nbsp; &amp;nbsp; &amp;nbsp; &amp;nbsp;2020年6月，在市委市政府的高度重视下，经向社会公开遴选，确定由启东建筑集团有限公司为启东市建筑工程学校的承办单位。新的启东市建筑工程学校保留事业编制，实行公有民营。&lt;/p&gt;&lt;p style=&quot;text-align:center&quot;&gt;&lt;img src=&quot;/data/upload/image/20201215/1608017052906603.jpg&quot; title=&quot;1608017052906603.jpg&quot; alt=&quot;62862030-1a12-44e6-856d-161dafd41ffd.jpg&quot;/&gt;&lt;/p&gt;&lt;p style=&quot;text-align: left;&quot;&gt;&amp;nbsp; &amp;nbsp; &amp;nbsp; &amp;nbsp;首先，南通市住建局党组副书记、副局长沈卫星和启东市副市长佘德华在大家的见证下，共同揭下了校牌上的红绸，现场掌声雷动、气氛热烈。&lt;/p&gt;&lt;p style=&quot;text-align:center&quot;&gt;&lt;img src=&quot;/data/upload/image/20201215/1608017059880344.jpg&quot; title=&quot;1608017059880344.jpg&quot; alt=&quot;ca7b719a-c05f-4c62-ad94-0090d7a3b4ff.jpg&quot;/&gt;&lt;/p&gt;&lt;p style=&quot;text-align: left;&quot;&gt;&amp;nbsp; &amp;nbsp; &amp;nbsp; &amp;nbsp;随后，启东住建局局长朱海荣为启东市建筑工程学校新任校长陈向阳颁发了聘书。接过聘书后，陈向阳校长作了表态发言。他说：“担任启东建校校长，对我而言，既是一项全新的工作，更是一个巨大的挑战！我将用心办好建校。把承办建校，不仅仅是作为一项具体的工作来抓，而是作为一项崇高的事业来做。我将以强烈的事业心和责任心带领集团公司和建校一班人，把建校办出特色，办出成效，办出形象，为全市建筑业实现高质量发展贡献启东建校力量。我将用情办好建校。启东建校肇始于我们公司上世纪70年代中期创办的“七•二一”工大。正是源于这样一份特殊的情结，让我对建校有着天然的、特别深厚的感情，也会使我发自内心地、积极主动地去办好建校。道路且长用情做，不用扬鞭自奋蹄，愿为建校人憔悴。我将用力办好建校。整合、调动集团公司的一切资源和力量，倾力而为，以更大的力度，办好启东建校。最关键的还要用钱办好建校。舍得硬件投入，确保教学设施齐全、一流；舍得软件投入，广纳贤才，加强师资力量建设；舍得长远投入，帮助学生、学员成才、成功。在投入和服务上，我们要多做“加法”，在收费上，我们要多做“减法”。我们将以更优质的服务、更优惠的价格、更优异的成绩，为住建系统广大企业和从业人员提供全面、系统的技能培训和人才培养服务。我们一定不负重托，不负众望，扎实抓好建校各项工作，确保用三到五年时间，把启东建校建设成为一所实践与理论相结合、岗位培训与学历教育相结合，有特色、有规模、有影响的新型建筑职业中等学校，致力打造新时代启东建筑业的“黄埔军校”，努力让每一个启东建筑人都有出彩的机会！”&lt;/p&gt;&lt;p style=&quot;text-align: left;&quot;&gt;&amp;nbsp; &amp;nbsp; &amp;nbsp; &amp;nbsp;启东市副市长佘德华在揭牌仪式上作了讲话，并代表市政府对我市住建系统及建筑企业提出了三点指导意见：超前谋划，全力以赴，积极为做大做强启东建筑业提供人才支撑；大力支持，上下联动，整体助推启东建校高质量、持续发展；强化辅导，深化服务，全力帮助启东建校破解发展难题。&lt;/p&gt;&lt;p style=&quot;text-align:center&quot;&gt;&lt;img src=&quot;/data/upload/image/20201215/1608017066132242.jpg&quot; title=&quot;1608017066132242.jpg&quot; alt=&quot;321618f5-5556-4bd9-99a6-02bdfe94c918.jpg&quot;/&gt;&lt;/p&gt;&lt;p style=&quot;text-align: left;&quot;&gt;&amp;nbsp; &amp;nbsp; &amp;nbsp; &amp;nbsp;揭牌仪式结束后，参加活动的人员对学校教室及实训基地（学校本部和筑城装配式建筑基地）进行了参观。&lt;/p&gt;&lt;p&gt;&lt;br style=&quot;text-align: left;&quot;/&gt;&lt;/p&gt;','',''),(91,10,'&lt;p style=&quot;text-align: left;&quot;&gt;10月27日下午，集团公司工会在建都大厦15楼职工活动室组织开展了员工趣味运动会。&lt;/p&gt;&lt;p style=&quot;text-align: left;&quot;&gt;&amp;nbsp; &amp;nbsp; &amp;nbsp; &amp;nbsp;运动会分为2个参赛团队，共设置了3个比赛项目，分别为:五人六足接力、指压板跳绳、一圈到底。比赛项目既考验运动能力，也考验合作精神，这不但是智慧和体力的角逐，更是团结和协作的比拼。&lt;/p&gt;&lt;p style=&quot;text-align: left;&quot;&gt;&amp;nbsp; &amp;nbsp; &amp;nbsp; &amp;nbsp;本次趣味运动会增强了员工间的团结协作精神，增进了各部门之间的交流。&lt;/p&gt;&lt;p style=&quot;text-align: center;&quot;&gt;&lt;img src=&quot;/data/upload/image/20201215/1608017143754748.jpg&quot; title=&quot;1608017143754748.jpg&quot; alt=&quot;27a0b338-97ef-4c00-a378-83c30f7b8f57.jpg&quot;/&gt;&lt;/p&gt;','',''),(92,10,'&lt;p&gt;&amp;nbsp;&amp;nbsp;10月13日上午，建都物业御龙苑小区工作人员施小磊从88岁的业主邵金玲老太手中接过了一面写着“热心助人团圆，真情温暖人间”的锦旗。&lt;/p&gt;&lt;p&gt;&amp;nbsp; &amp;nbsp; &amp;nbsp; &amp;nbsp;“谢谢，谢谢你们帮我找回弟弟……”热泪盈眶的邵金玲老太紧紧握着施小磊的手，不停地向他以及其他物业工作人员道谢。&lt;/p&gt;&lt;p&gt;&lt;/p&gt;&lt;p&gt;&lt;section&gt;&lt;p&gt;&amp;nbsp; &amp;nbsp; &amp;nbsp; &amp;nbsp;邵金玲老太的弟弟邵自祥今年75岁，姐弟俩都是上海人。邵自祥老人患有精神疾病，先前已在上海治疗了十多年，病情有所好转后，半年前随姐姐一起来到久隆镇御龙苑小区定居。&lt;/p&gt;&lt;p&gt;&amp;nbsp; &amp;nbsp; &amp;nbsp; &amp;nbsp;10月11日下午2点左右，弟弟像往常一样出门散步，邵金玲老太做完家务后寻找弟弟，却不见了弟弟的踪影。因年岁已高，行动不便，老太寻找未果后立即向物业公司寻求帮助。&lt;/p&gt;&lt;p&gt;&amp;nbsp; &amp;nbsp; &amp;nbsp; &amp;nbsp;“接到求助后，我们立刻发动全体物业工作人员寻遍了小区内的所有楼道和各个角落，并开始仔细查看小区内各个方位的监控录像。”建都物业御龙苑小区的管理员毛磊介绍道。不少热心居民也自发加入到了寻找老人的队伍中。同时，物业公司也拨打了110报警电话，希望借助警方的力量一起寻找，但一直未有老人的下落。&lt;/p&gt;&lt;/section&gt;&lt;section&gt;&lt;p&gt;&amp;nbsp; &amp;nbsp; &amp;nbsp; &amp;nbsp;夜深了，原本早已下班的施小磊始终放心不下，于是独自驾车扩大范围寻找。在保证安全的前提下，施小磊将车速放慢，沿着道路缓缓向前，并仔细地搜寻着道路两侧。&lt;/p&gt;&lt;p&gt;&amp;nbsp; &amp;nbsp; &amp;nbsp; &amp;nbsp;“车子马上要进市区的时候，我准备掉头换个方向继续寻找，就在这个时候，突然发现路边一个独自行走的老人与走失的邵自祥体貌特征十分相像，于是我立刻下车询问。”施小磊说。经过交谈，很快确认这名已经冻得瑟瑟发抖的老人正是走失的邵自祥，而这个地方距离御龙苑小区足有20多里。&lt;/p&gt;&lt;/section&gt;&lt;section&gt;&amp;nbsp; &amp;nbsp; &amp;nbsp; &amp;nbsp;施小磊将这一喜讯告知小区物业后，立即带着老人返回御龙苑小区。于是，两日后的今天便有了88岁老太登门送锦旗的动人一幕。&lt;/section&gt;&lt;/p&gt;&lt;p&gt;&lt;/p&gt;&lt;p&gt;&lt;br/&gt;&lt;/p&gt;','',''),(93,10,'&lt;p&gt;为纪念“九一八”事变爆发89周年，加强爱国主义教育，缅怀抗日先烈，传承抗战精神，9月18日下午启东建筑集团在总部14楼会议室开展了“纪念九一八，做合格党员”爱国主题活动。集团公司党委副书记袁东波出席活动。&lt;/p&gt;&lt;p&gt;&amp;nbsp; &amp;nbsp; &amp;nbsp; &amp;nbsp;会上，党群工作部副部长解健结合PPT和纪录片为大家详细介绍了“九一八”事变的始末。“九一八”事变标志着日本军国主义者侵华的开端，此后抗战绵延十五年，3500万同胞饱经战争磨难，却始终怀揣满腔热血，以抗争到底的姿态活跃在历史舞台。虽然事件至今已经过了89年，但战争的惨烈与不甘陷落之士的英雄事迹仍然深深震动了全体党员的心。&lt;/p&gt;&lt;p&gt;&amp;nbsp; &amp;nbsp; &amp;nbsp; &amp;nbsp;随后，预备党员代表蔡盼德朗诵了纪念九一八事变诗词——《哨遍·九一八》：“明月祭秋，清酒万家，旧恨今朝泪。九一八，瑟瑟落伤归？奉天城里战火沸。……”，字字铿锵，在国难悲愤之情的余韵中，全体党员肃立沉思。&lt;/p&gt;&lt;p&gt;&amp;nbsp; &amp;nbsp; &amp;nbsp; &amp;nbsp;会议最后，与会人员各自阐述了“立足当下，结合实际，应该如何做一名合格党员”的思考体会。&lt;/p&gt;&lt;p&gt;&amp;nbsp; &amp;nbsp; &amp;nbsp; &amp;nbsp;党委副书记袁东波总结发言，他强调全体党员干部要通过这次活动，进一步弘扬爱国主义精神和社会主义价值观，缅怀英烈报国之志，恪守革命遗志，珍视和平生活。同时，不忘共产党员的初心和使命，立足当下，做好本职工作，用实际行动践行合格党员的庄严承诺。&lt;/p&gt;&lt;p&gt;&lt;br/&gt;&lt;/p&gt;','',''),(94,10,'&lt;p style=&quot;text-align:center&quot;&gt;&lt;img src=&quot;/data/upload/image/20201215/1608017293135525.png&quot; title=&quot;1608017293135525.png&quot; alt=&quot;0459818d-0376-4e09-952e-743e31060283.png&quot;/&gt;&lt;/p&gt;&lt;p style=&quot;text-align: left;&quot;&gt;8月28日，集团公司在总部建都大厦十四楼会议室召开了2020年中工作会议，总结上半年工作，分析当前形势，明确工作思路，提出发展要求。集团公司董事、监事、各下属单位主要负责人及总部各部门负责人等参加了会议。&lt;/p&gt;&lt;p style=&quot;text-align: left;&quot;&gt;会上，董事长陈向阳一改以往工作报告的形式，以《新形势 新挑战 新时代 新作为》为主题作了一场内容丰富、激情洋溢的演讲。演讲中，陈董事长举实例、讲故事，对当前的严峻形势及发展中面临的挑战进行了解读和阐述，并要求集团上下坚定信心，奋发有为，迎接挑战，再谱新篇。&lt;/p&gt;&lt;p style=&quot;text-align: left;&quot;&gt;陈董事长先集团公司上半年工作进行了简要总结，同时根据企业实际情况对下阶段工作作了战略部署。经营管理发展方向——“四化”，即：直营化、扁平化、穿透化、精准化。下阶段工作要求——“六力”，即：一要保持求真务实的定力，二要具备克难勇进的魄力，三要提升见微知著的能力，四要激发改革创新的活力，五要加快人才培养的努力，六要打造百年老企的毅力。&lt;/p&gt;&lt;p style=&quot;text-align: left;&quot;&gt;&lt;section&gt;&lt;p style=&quot;text-align: left;&quot;&gt;展望未来，陈董事长告诫大家，“时代在变，形势在变，但启建人抓企业发展的信心和决心不能变。”他指出，对企业来说，发展永远在路上，不管形势如何多变，只要保持定力，“结硬寨，打呆仗”，稳扎稳打，启建百年梦必定能实现。&lt;/p&gt;&lt;/section&gt;&lt;section&gt;&lt;p style=&quot;text-align: left;&quot;&gt;演讲最后，陈董事长说：“行者方致远，奋斗路正长。让我们把发展刻在心上，把担当扛在肩上，把落实抓在手上，与时代同行，与梦想同在，与员工同心，干出新业绩，开创新局面，建功新时代！”&lt;/p&gt;&lt;p style=&quot;text-align: left;&quot;&gt;会上，朱洪新副总经理对年中工作检查情况作了总体点评，经营部、财务部、工程部、安全部、人力部、法务部等分别通报了各条线工作检查情况，重点对存在问题提出了切实可行的整改意见。&lt;/p&gt;&lt;/section&gt;&lt;/p&gt;&lt;p&gt;&lt;br style=&quot;text-align: left;&quot;/&gt;&lt;/p&gt;','',''),(95,11,'&lt;p&gt;各土建分公司：&lt;/p&gt;&lt;p&gt;　　根据集团公司目前的信息化推广和实施，近两年效果并不显著，只是局限在行政上信息交流发布以及财务和制图软件的应用，但在具体的建筑工程建设上，已经疏于更新管理。针对此类情况，综合同类建筑业企业信息化发展现状和要求，现需要各个土建分公司至少能提供2名信息员，来对本子公司在建工程进行一些信息的收集归纳整理并上传至平台服务器上。&lt;/p&gt;&lt;p&gt;　　信息员只要能会简单处理电脑的一些文案类的人员即可，如果是新聘用的大学生管理类人员为佳。希望各个子公司能在收到通知后，将名单上报至信息中心和办公室，信息中心会对其进行简单的培训。培训的内容包括，投标管理、合同管理、进度管理、质量管理、安全管理、设备管理、风险管理、成本管理、竣工管理、档案管理等子系统的录入管理。&lt;/p&gt;&lt;p&gt;　　各分公司委派的信息员也可以直接致电信息中心或者直接加入信息中心QQ群:301896290。&lt;/p&gt;&lt;p&gt;&lt;br/&gt;&lt;/p&gt;','',''),(96,11,'&lt;p&gt;各省、自治区住房城乡建设厅，直辖市建委(建设交通委)，国务院有关部门建设司，新疆生产建设兵团建设局，总后营房部工程局，中央管理的企业，有关行业协会：&lt;/p&gt;&lt;p&gt;　　为加强对取得建造师临时执业证书人员的管理，现将有关问题通知如下：&lt;/p&gt;&lt;p&gt;　　一、已取得建造师临时执业证书的人员，年龄不满60周岁且按要求参加继续教育并进行延续注册的，可参照《注册建造师执业管理办法》(试行)的规定继续担任施工单位项目负责人。其延续注册、变更注册、执业管理和继续教育等，参照注册建造师制度的有关规定执行。临时执业证书注销的，不予办理重新注册。&lt;/p&gt;&lt;p&gt;　　二、符合条件的取得建造师临时执业证书的人员，应在2013年12月31日前按要求参加继续教育并向单位所在地住房城乡建设主管部门提出延续注册申请。没有申请延续注册的，自2014年1月1日起，不得再担任施工单位项目负责人，2013年2月27日(含)前已经担任施工单位项目负责人的可执业至该项目竣工。&lt;/p&gt;&lt;p&gt;　　对于近五年内负有较大及以上质量安全事故责任或有严重违法违规行为的人员，不予延续注册;近五年内负有一般质量安全事故责任或有一般违法违规行为或信用档案中有其他不良行为记录的人员，应提供相关主管部门出具的整改情况的相应材料。&lt;/p&gt;&lt;p&gt;　　三、自2013年2月28日(含)起，各级住房城乡建设主管部门不再将取得建造师临时执业证书的人员作为建筑业企业资质管理认可的注册建造师。&lt;/p&gt;&lt;p&gt;&amp;nbsp;&lt;/p&gt;&lt;p&gt;中华人民共和国住房和城乡建设部办公厅&lt;/p&gt;&lt;p&gt;2013年2月22日&lt;/p&gt;&lt;p&gt;&lt;br/&gt;&lt;/p&gt;','',''),(97,11,'&lt;p&gt;安全，安全，再安全，安全是企业头等大事。试想，如果企业的生产不安全，何以能实现稳健发展?如果员工的人身不安全，何以能满足员工的物质文化精神需求，进而实现人的全面发展?因此，企业的发展是建立在安全生产基础上的，没有安全作保证，企业的发展就无从谈起。安全是企业最大的效益，安全是员工最大的福利。&lt;/p&gt;&lt;p&gt;　　建筑施工工地，现场情况错综复杂、千变万化，往往容易引发安全事故。据专家统计分析，当前建筑行业处于安全事故多发期、易发期，稍有麻痹大意，就有可能发生祸及企业发展的恶性事故。象我们这样的建筑总包企业尤其伤不起。施工企业的安全生产正反两方面的经验告诉我们，安全生产必须时时处处高标准、严要求，着力加强基础工作，切实做到严格制度、严格管理、严格执行、严格惩处，要通过生产过程的安全来保障企业科学发展、和谐发展。&lt;/p&gt;&lt;p&gt;　　新形势、新挑战、新任务对安全发展提出了新要求。我们要统筹好进度与安全、效益与安全的关系，既要充分肯定安全生产工作作为企业发展的有力保障，更要正视做好安全生产工作所面临的严峻挑战。要强化企业安全生产主体责任，继续深入开展“安全生产月”活动，加强基础建设，加强责任落实，加强依法监管，推进技术进步，推进安全达标，推进长效机制建设。&lt;/p&gt;&lt;p&gt;　　当前要特别重视员工的安全理念渗透和安全行为的养成。我们常说，平安是福，没了安全，一切幸福无从谈起。如果员工深刻理解安全的重要性，那么他就会时时、处处、事事把安全放在首位，那么企业安全文化建设中的安全理念渗透达到了目标。安全工作就像一个圆，没有起点和终点，是永无间隙、永无止境的工作，安全意识必须渗透到我们的血液中去，朝夕相伴我，这样才能真正做到见微知著、防微杜渐，安全理念潜移默化的渗透，培养出良好的安全行为和习惯。&lt;/p&gt;&lt;p&gt;　　安全重于泰山。只有消除安全管理中的隐患，才能确保安全生产顺利进行，从而为企业创造出更大的效益，让员工拥有更好的福利。&lt;/p&gt;&lt;p&gt;&lt;br/&gt;&lt;/p&gt;','',''),(98,11,'&lt;p&gt;各下属单位：&lt;/p&gt;&lt;p&gt;　　根据住房和城乡建设部《关于继续深入扎实开展“安全生产年”活动的通知》(建办质[2012]14号)、省《关于开展2012年住房城乡建设系统“安全生产月”活动的通知》(建安办函〔2012〕7号)、省安委会《关于开展2012年全省“安全生产月”活动的通知》(苏安办〔2012〕25号)等有关文件精神，集团公司将继续开展六月“安全月”活动，现将有关活动要求通知如下：&lt;/p&gt;&lt;p&gt;　　一、扎实抓好“安全月”活动的组织工作。各单位应成立“安全月”活动领导小组，制订“安全月”活动方案，以“科学发展，安全发展”为主题，继续深入扎实开展“安全生产月”和“安全生产年”活动，全面落实安全生产责任，提高安全保障能力。要结合 “安全月”活动的开展，以创建“绿色平安工地”为契机，不断提升现场管理水平，确保集团公司安全生产形势持续稳定。&lt;/p&gt;&lt;p&gt;　　二、持续认真开展安全生产宣传、教育培训。各施工单位(项目部)应通过形式多样、内容新颖、全体员工广泛参与的安全生产宣传教育和安全文化建设活动，要充分运用标语、海报、横幅、广播、影像、图片展览、工地安全生产宣传专栏等多种形式，向施工作业人员传播安全生产方针政策、法律法规、安全技能知识等;要收集典型事故案例，进行针对性安全教育，营造出良好的宣传教育舆论氛围。要在年初复工安全教育培训的基础上，持续开展对施工一线作业人员，特别是农民工的安全生产教育培训，传授防护救护、逃生自助等安全基本操作技能，有效提升其安全生产意识和安全操作技能，确保安全教育取得实效。&lt;/p&gt;&lt;p&gt;　　集团公司将利用“博圣报”在“安全月”期间开辟安全专栏，对近期公布实施的新规范、新标准进行宣传贯彻，并由安全设备部组织一次对工程项目部施工管理人员的安全培训考核。&lt;/p&gt;&lt;p&gt;　　三、重点加强对高危施工作业进行专项治理。各单位应对所属施工项目的起重机械装拆(顶升)、附墙装置安装、群塔施工管理和日常使用维护情况进行重点监查，并对模板支撑系统、深基坑支护、高层脚手架、悬挑料台使用情况等方面组织专项安全生产检查，分管安全负责人要亲自组织参加，投入必要的人力物力，及时消除事故隐患，同时做好日常安全检查、整改工作，要建立专项安全检查、隐患治理登记台帐。&lt;/p&gt;&lt;p&gt;　　集团公司准备在“安全月”期间，对本地施工项目组织一次创建“绿色平安工地”检查考核活动，并对在用塔机、施工电梯进行专项安全检查。&lt;/p&gt;&lt;p&gt;　　四、切实抓好夏季安全生产防范工作&lt;/p&gt;&lt;p&gt;　　1、各施工项目部要根据气温变化，合理调整作息时间，延长施工作业人员的午休时间。&lt;/p&gt;&lt;p&gt;　　2、加强职工食堂卫生管理，为职工提供清洁卫生的饮食。&lt;/p&gt;&lt;p&gt;　　3、职工宿舍要配备有效的降温通风设施，保证作业人员休息好。&lt;/p&gt;&lt;p&gt;　　4、应按时发放劳动保护用品和消暑用品，施工现场要为施工作业人员提供充足的合格饮用水。&lt;/p&gt;&lt;p&gt;　　5、要加强安全教育，督促作业人员上班正确穿戴安全防护用品，不允许赤膊、穿拖鞋和背心上岗作业，严格禁止酒后上岗。&lt;/p&gt;&lt;p&gt;　　6、加强对易燃易爆物品的管理，库房要保持通风，严禁烟火，配备消防器材。氧气瓶和乙炔气瓶采取遮阳措施，禁止日光爆晒，焊割作业要办理动火审批手续，有专人看护，备有灭火器材。&lt;/p&gt;&lt;p&gt;　　7、雨季施工要重点加强基坑边坡防护、脚手架基础、塔吊基础及施工用电线路、漏电保护器的检查防护，发现隐患及时整改。&lt;/p&gt;&lt;p&gt;　　8、台风季节，要对塔吊、井架、施工电梯、脚手架、防护架(棚)、总配电房、职工宿舍、办公用房等设施采取加固防护措施。&lt;/p&gt;&lt;p&gt;　　9、雷雨季节，对塔吊、施工电梯、井架、钢管脚手架等高大物体采取可靠的避雷措施，雷雨时应停止露天施工作业。&lt;/p&gt;&lt;p&gt;　　10、在地下管沟、密闭场所进行施工作业时，应采取有效的通风、降温措施，焊工作业时必须穿戴劳动防护用品，以防中毒、电击伤人事故发生。&lt;/p&gt;&lt;p&gt;&lt;br/&gt;&lt;/p&gt;','',''),(99,11,'&lt;p&gt;　请公司所属的各基层单位、项目部，将近期内已竣工或即将竣工项目的工程概况资料和相关工程照片发到网络中心，以便及时将这些项目信息更新到公司网站。同时，如有新的承接项目，请将相关信息一并发来。公司网站内容及时更新需要各基层单位的大力支持，希望各单位以后能够及时将相关信息发回公司。谢谢支持配合。&lt;/p&gt;&lt;p&gt;&amp;nbsp;&lt;/p&gt;&lt;p&gt;网络中心&lt;/p&gt;&lt;p&gt;2008年8月7&lt;/p&gt;&lt;p&gt;&lt;br/&gt;&lt;/p&gt;','',''),(100,10,'&lt;p&gt;8月1日上午，市住建局组织召开2020年全市老小区改造现场观摩推进会，会议以现场观摩与工作会议相结合的方式进行。住建局副局长黄建平、保障和物业科科长黄险峰及老小区改造各施工单位、监理单位、城投、水务、街道办等有关负责人参加了会议。&lt;/p&gt;&lt;p&gt;观摩会上，参会人员现场观摩了我公司承建的团结新村改造工程样板楼，并听取了项目工作人员对小区改造情况的汇报。观摩人员看现场、找亮点，对电线处理、拆违、完善功能等方面的改造工作给予了肯定。&lt;/p&gt;&lt;p&gt;推进会上，黄建平副局长对下阶段老小区改造工作进行了安排部署。我公司作为典型作了交流发言，其余三个施工单位、五个管线单位就如何做好小区改造工作作表态发言。&lt;/p&gt;&lt;p&gt;老小区改造工程，事关群众居住条件和生活环境，事关城市形象和文明程度，是一项惠民工程、民心工程。自承接团结新村、东洲新村两个小区的改造工程后，我公司以高度的社会责任心和使命感来开展相关改造工作，在确保质量和安全的前提下，加快施工进度，尽量减少对小区居民生活的影响，提升居民获得感和满意度，受到了小区居民的广泛好评。接下来，公司将以更扎实、更有效的措施推进老小区改造工作进程，不断改善小区群众的居住条件和生活环境，完善社区服务功能，让群众在小区内生活更舒心。&lt;/p&gt;&lt;p&gt;&lt;br/&gt;&lt;/p&gt;','',''),(101,10,'&lt;p style=&quot;text-align: left;&quot;&gt;为庆祝建党99周年，讴歌中国共产党的丰功伟绩，激发广大员工守初心、担使命的前进动力，7月2日下午，集团公司党委在建都大厦14楼会议室举办了“青春无问西东 岁月自成芳华”党建主题朗诵比赛，共有来自集团总部及在启下属施工单位的19支队伍参加了此次比赛。&lt;/p&gt;&lt;p style=&quot;text-align:center&quot;&gt;&lt;img src=&quot;/data/upload/image/20201215/1608017581316474.png&quot; title=&quot;1608017581316474.png&quot; alt=&quot;b65e99e0-c9b0-4f3a-9e43-2a78a08e5e33.png&quot;/&gt;&lt;/p&gt;&lt;p style=&quot;text-align: left;&quot;&gt;比赛中，参赛者伴随着昂扬的背景音乐，用铿锵有力的语言，歌颂了伟大的党、伟大的人民和伟大的祖国，弘扬了启建精神。他们个个精神饱满，时而激情豪咏，时而婉约清述，声情并茂地抒发着启建人“爱党爱国爱企”的炽热情怀，赞颂着启建人艰苦奋斗、务实拼搏的工匠精神，表达着启建人立足岗位做贡献的决心和斗志，展现了启建人自强不息、不懈奋斗的精神风貌，引起了观众的共鸣，现场不时爆发阵阵掌声。&lt;/p&gt;&lt;p style=&quot;text-align: left;&quot;&gt;&lt;section&gt;&lt;p style=&quot;text-align: left;&quot;&gt;经过激烈的角逐，&amp;nbsp;比赛最终评选出：&lt;/p&gt;&lt;/section&gt;&lt;section&gt;&lt;p style=&quot;text-align: left;&quot;&gt;&amp;nbsp;特等奖&amp;nbsp;&lt;/p&gt;&lt;/section&gt;&lt;section&gt;&lt;p style=&quot;text-align: left;&quot;&gt;原创作品：《启建工匠》&lt;/p&gt;&lt;/section&gt;&lt;/p&gt;&lt;p style=&quot;text-align: left;&quot;&gt;朗&amp;nbsp; &amp;nbsp; 诵：袁东波、吴爱萍、汤晶晶、黄俊、邢桂香、蔡盼德&lt;/p&gt;&lt;p style=&quot;text-align: left;&quot;&gt;选&amp;nbsp; &amp;nbsp; 送：集团公司办公室&lt;/p&gt;&lt;p&gt;&amp;nbsp;&lt;/p&gt;&lt;p style=&quot;text-align: left;&quot;&gt;&lt;section&gt;&lt;p style=&quot;text-align: left;&quot;&gt;&amp;nbsp;一等奖&amp;nbsp;&lt;/p&gt;&lt;/section&gt;&lt;section&gt;&lt;p style=&quot;text-align: left;&quot;&gt;原创作品：《中国梦、启建梦、我的梦》&lt;/p&gt;&lt;/section&gt;&lt;/p&gt;&lt;p style=&quot;text-align: left;&quot;&gt;朗&amp;nbsp; &amp;nbsp;&amp;nbsp;诵：范佳乐、施佳乐、邢校尉、顾琳珑、黄晓卫、朱超凡、龚陈辰、张熠熠&lt;/p&gt;&lt;p style=&quot;text-align: left;&quot;&gt;选&amp;nbsp; &amp;nbsp; 送：第九工程公司&lt;/p&gt;&lt;p&gt;&amp;nbsp;&lt;/p&gt;&lt;p style=&quot;text-align: left;&quot;&gt;&amp;nbsp;二等奖&amp;nbsp;&lt;/p&gt;&lt;p style=&quot;text-align: left;&quot;&gt;&lt;section&gt;&lt;p style=&quot;text-align: left;&quot;&gt;原创作品：《我骄傲，我是启建人》&lt;/p&gt;&lt;/section&gt;&lt;/p&gt;&lt;p style=&quot;text-align: left;&quot;&gt;朗&amp;nbsp; &amp;nbsp;&amp;nbsp;诵：季佳楠&lt;/p&gt;&lt;p style=&quot;text-align: left;&quot;&gt;选&amp;nbsp; &amp;nbsp; 送：筑城装配式建筑有限公司&lt;/p&gt;&lt;p&gt;&amp;nbsp;&lt;/p&gt;&lt;p style=&quot;text-align: left;&quot;&gt;&lt;section&gt;&lt;p style=&quot;text-align: left;&quot;&gt;作&amp;nbsp; &amp;nbsp; 品：《相信未来》&lt;/p&gt;&lt;/section&gt;&lt;/p&gt;&lt;p style=&quot;text-align: left;&quot;&gt;朗&amp;nbsp; &amp;nbsp;&amp;nbsp;诵：黄春雷&lt;/p&gt;&lt;p style=&quot;text-align: left;&quot;&gt;选&amp;nbsp; &amp;nbsp; 送：集团公司人力资源部&lt;/p&gt;&lt;p&gt;&amp;nbsp;&lt;/p&gt;&lt;p style=&quot;text-align: left;&quot;&gt;&amp;nbsp;三等奖&amp;nbsp;&lt;/p&gt;&lt;p style=&quot;text-align: left;&quot;&gt;&lt;section&gt;&lt;p style=&quot;text-align: left;&quot;&gt;作&amp;nbsp; &amp;nbsp; 品：《在党的旗帜下》&lt;/p&gt;&lt;/section&gt;&lt;/p&gt;&lt;p style=&quot;text-align: left;&quot;&gt;朗&amp;nbsp; &amp;nbsp;&amp;nbsp;诵：陈永兵、杨雪英&lt;/p&gt;&lt;p style=&quot;text-align: left;&quot;&gt;选&amp;nbsp; &amp;nbsp; 送：北方工程公司&lt;/p&gt;&lt;p&gt;&amp;nbsp;&lt;/p&gt;&lt;p style=&quot;text-align: left;&quot;&gt;作&amp;nbsp; &amp;nbsp; 品：《火红的七月》&lt;/p&gt;&lt;p style=&quot;text-align: left;&quot;&gt;朗&amp;nbsp; &amp;nbsp;&amp;nbsp;诵：顾怡婷、陈烨烨、谢林昆、陈玲、张晨玲&lt;/p&gt;&lt;p style=&quot;text-align: left;&quot;&gt;选&amp;nbsp; &amp;nbsp; 送：集团公司财务部&lt;/p&gt;&lt;p&gt;&amp;nbsp;&lt;/p&gt;&lt;p style=&quot;text-align: left;&quot;&gt;作&amp;nbsp; &amp;nbsp; 品：《沐浴党的光辉——启建六十五年发展回眸》&lt;/p&gt;&lt;p style=&quot;text-align: left;&quot;&gt;朗&amp;nbsp; &amp;nbsp;&amp;nbsp;诵：顾博誉、龚俊玮 葛佳豪 林佳挺 沈俊驰&lt;/p&gt;&lt;p style=&quot;text-align: left;&quot;&gt;选&amp;nbsp; &amp;nbsp; 送：第八工程公司&lt;/p&gt;&lt;p&gt;&lt;br style=&quot;text-align: left;&quot;/&gt;&lt;/p&gt;','',''),(232,22,'','',''),(233,22,'','',''),(234,22,'','',''),(235,22,'','',''),(236,22,'','',''),(237,22,'','',''),(238,22,'','',''),(239,22,'','',''),(240,22,'','',''),(241,22,'','',''),(242,23,'','',''),(243,23,'','',''),(244,23,'','',''),(245,23,'','',''),(246,23,'','',''),(247,23,'','',''),(248,23,'','',''),(249,23,'','',''),(253,22,'','',''),(254,22,'','',''),(255,22,'','',''),(256,23,'','',''),(257,23,'','',''),(258,23,'','',''),(267,5,'&lt;p&gt;地址：北京西丰台区马家堡东路168号院海上花园10号楼1单元168号院&lt;br style=&quot;white-space: normal;&quot;/&gt;邮编：100088&lt;br style=&quot;white-space: normal;&quot;/&gt;E-mail：fsn@jsqj.cn&lt;br style=&quot;white-space: normal;&quot;/&gt;电话：123456456&lt;/p&gt;','',''),(268,5,'&lt;p&gt;地址：北京西丰台区马家堡东路168号院海上花园10号楼1单元168号院&lt;br style=&quot;white-space: normal;&quot;/&gt;邮编：100088&lt;br style=&quot;white-space: normal;&quot;/&gt;E-mail：fsn@jsqj.cn&lt;br style=&quot;white-space: normal;&quot;/&gt;电话：123456456&lt;/p&gt;','',''),(269,5,'&lt;p&gt;地址：北京西丰台区马家堡东路168号院海上花园10号楼1单元168号院&lt;br style=&quot;white-space: normal;&quot;/&gt;邮编：100088&lt;br style=&quot;white-space: normal;&quot;/&gt;E-mail：fsn@jsqj.cn&lt;br style=&quot;white-space: normal;&quot;/&gt;电话：123456456&lt;/p&gt;','',''),(270,6,'&lt;p&gt;学历: 全日制本科及以上 工作经验: 10年+&lt;br style=&quot;white-space: normal;&quot;/&gt;&lt;span style=&quot;font-size: 22px; color: rgb(51, 51, 51);&quot;&gt;工作职责:&lt;/span&gt;&lt;br style=&quot;white-space: normal;&quot;/&gt;1、负责产品的嵌入式软件开发；&lt;br style=&quot;white-space: normal;&quot;/&gt;2、产品开发的软件需求分析；&lt;br style=&quot;white-space: normal;&quot;/&gt;3、编写软件规格需求书、流程图、状态图等；&lt;br style=&quot;white-space: normal;&quot;/&gt;4、参与产品研发过程中的评审工作。&lt;br style=&quot;white-space: normal;&quot;/&gt;&lt;span style=&quot;font-size: 22px; color: rgb(51, 51, 51);&quot;&gt;职位要求:&lt;/span&gt;&lt;br style=&quot;white-space: normal;&quot;/&gt;1、学历及专业：本科及以上学历，工业自动化、电气工程、电力电子、电子信息工程等相关专业。&lt;br style=&quot;white-space: normal;&quot;/&gt;2、工作经历：&lt;br style=&quot;white-space: normal;&quot;/&gt;在数字电源、变频器、UPS、光伏发电、新能源汽车、智能仪器仪表等相关行业，嵌入式软件开发10年以上工作经历；&lt;br style=&quot;white-space: normal;&quot;/&gt;曾独自或作为主要参与人承担过嵌入式开发项目。&lt;br style=&quot;white-space: normal;&quot;/&gt;3、专业技能：&lt;br style=&quot;white-space: normal;&quot;/&gt;精通C语言，了解其他软件编程常用语言；&lt;br style=&quot;white-space: normal;&quot;/&gt;熟悉 ARM处理器、DSP数字信号处理器应用与编程；&lt;br style=&quot;white-space: normal;&quot;/&gt;熟悉软件研发流程、标准与规范；&lt;br style=&quot;white-space: normal;&quot;/&gt;&lt;br style=&quot;white-space: normal;&quot;/&gt;有一定的硬件基础，熟悉处理器周边电路设计。&lt;br style=&quot;white-space: normal;&quot;/&gt;熟悉AD等电子线路设计软件的应用；&lt;br style=&quot;white-space: normal;&quot;/&gt;4、外语水平：&lt;br style=&quot;white-space: normal;&quot;/&gt;可以阅读英文嵌入式文档资料；&lt;br style=&quot;white-space: normal;&quot;/&gt;能顺利进行英语口语沟通交流的优先。&lt;/p&gt;','',''),(271,6,'&lt;p&gt;学历: 全日制本科及以上 工作经验: 10年+&lt;br style=&quot;white-space: normal;&quot;/&gt;&lt;span style=&quot;font-size: 22px; color: rgb(51, 51, 51);&quot;&gt;工作职责:&lt;/span&gt;&lt;br style=&quot;white-space: normal;&quot;/&gt;1、负责产品的嵌入式软件开发；&lt;br style=&quot;white-space: normal;&quot;/&gt;2、产品开发的软件需求分析；&lt;br style=&quot;white-space: normal;&quot;/&gt;3、编写软件规格需求书、流程图、状态图等；&lt;br style=&quot;white-space: normal;&quot;/&gt;4、参与产品研发过程中的评审工作。&lt;br style=&quot;white-space: normal;&quot;/&gt;&lt;span style=&quot;font-size: 22px; color: rgb(51, 51, 51);&quot;&gt;职位要求:&lt;/span&gt;&lt;br style=&quot;white-space: normal;&quot;/&gt;1、学历及专业：本科及以上学历，工业自动化、电气工程、电力电子、电子信息工程等相关专业。&lt;br style=&quot;white-space: normal;&quot;/&gt;2、工作经历：&lt;br style=&quot;white-space: normal;&quot;/&gt;在数字电源、变频器、UPS、光伏发电、新能源汽车、智能仪器仪表等相关行业，嵌入式软件开发10年以上工作经历；&lt;br style=&quot;white-space: normal;&quot;/&gt;曾独自或作为主要参与人承担过嵌入式开发项目。&lt;br style=&quot;white-space: normal;&quot;/&gt;3、专业技能：&lt;br style=&quot;white-space: normal;&quot;/&gt;精通C语言，了解其他软件编程常用语言；&lt;br style=&quot;white-space: normal;&quot;/&gt;熟悉 ARM处理器、DSP数字信号处理器应用与编程；&lt;br style=&quot;white-space: normal;&quot;/&gt;熟悉软件研发流程、标准与规范；&lt;br style=&quot;white-space: normal;&quot;/&gt;&lt;br style=&quot;white-space: normal;&quot;/&gt;有一定的硬件基础，熟悉处理器周边电路设计。&lt;br style=&quot;white-space: normal;&quot;/&gt;熟悉AD等电子线路设计软件的应用；&lt;br style=&quot;white-space: normal;&quot;/&gt;4、外语水平：&lt;br style=&quot;white-space: normal;&quot;/&gt;可以阅读英文嵌入式文档资料；&lt;br style=&quot;white-space: normal;&quot;/&gt;能顺利进行英语口语沟通交流的优先。&lt;/p&gt;','',''),(272,6,'&lt;p&gt;学历: 全日制本科及以上 工作经验: 10年+&lt;br style=&quot;white-space: normal;&quot;/&gt;&lt;span style=&quot;font-size: 22px; color: rgb(51, 51, 51);&quot;&gt;工作职责:&lt;/span&gt;&lt;br style=&quot;white-space: normal;&quot;/&gt;1、负责产品的嵌入式软件开发；&lt;br style=&quot;white-space: normal;&quot;/&gt;2、产品开发的软件需求分析；&lt;br style=&quot;white-space: normal;&quot;/&gt;3、编写软件规格需求书、流程图、状态图等；&lt;br style=&quot;white-space: normal;&quot;/&gt;4、参与产品研发过程中的评审工作。&lt;br style=&quot;white-space: normal;&quot;/&gt;&lt;span style=&quot;font-size: 22px; color: rgb(51, 51, 51);&quot;&gt;职位要求:&lt;/span&gt;&lt;br style=&quot;white-space: normal;&quot;/&gt;1、学历及专业：本科及以上学历，工业自动化、电气工程、电力电子、电子信息工程等相关专业。&lt;br style=&quot;white-space: normal;&quot;/&gt;2、工作经历：&lt;br style=&quot;white-space: normal;&quot;/&gt;在数字电源、变频器、UPS、光伏发电、新能源汽车、智能仪器仪表等相关行业，嵌入式软件开发10年以上工作经历；&lt;br style=&quot;white-space: normal;&quot;/&gt;曾独自或作为主要参与人承担过嵌入式开发项目。&lt;br style=&quot;white-space: normal;&quot;/&gt;3、专业技能：&lt;br style=&quot;white-space: normal;&quot;/&gt;精通C语言，了解其他软件编程常用语言；&lt;br style=&quot;white-space: normal;&quot;/&gt;熟悉 ARM处理器、DSP数字信号处理器应用与编程；&lt;br style=&quot;white-space: normal;&quot;/&gt;熟悉软件研发流程、标准与规范；&lt;br style=&quot;white-space: normal;&quot;/&gt;&lt;br style=&quot;white-space: normal;&quot;/&gt;有一定的硬件基础，熟悉处理器周边电路设计。&lt;br style=&quot;white-space: normal;&quot;/&gt;熟悉AD等电子线路设计软件的应用；&lt;br style=&quot;white-space: normal;&quot;/&gt;4、外语水平：&lt;br style=&quot;white-space: normal;&quot;/&gt;可以阅读英文嵌入式文档资料；&lt;br style=&quot;white-space: normal;&quot;/&gt;能顺利进行英语口语沟通交流的优先。&lt;/p&gt;','',''),(273,6,'&lt;p&gt;学历: 全日制本科及以上 工作经验: 10年+&lt;br style=&quot;white-space: normal;&quot;/&gt;&lt;span style=&quot;font-size: 22px; color: rgb(51, 51, 51);&quot;&gt;工作职责:&lt;/span&gt;&lt;br style=&quot;white-space: normal;&quot;/&gt;1、负责产品的嵌入式软件开发；&lt;br style=&quot;white-space: normal;&quot;/&gt;2、产品开发的软件需求分析；&lt;br style=&quot;white-space: normal;&quot;/&gt;3、编写软件规格需求书、流程图、状态图等；&lt;br style=&quot;white-space: normal;&quot;/&gt;4、参与产品研发过程中的评审工作。&lt;br style=&quot;white-space: normal;&quot;/&gt;&lt;span style=&quot;font-size: 22px; color: rgb(51, 51, 51);&quot;&gt;职位要求:&lt;/span&gt;&lt;br style=&quot;white-space: normal;&quot;/&gt;1、学历及专业：本科及以上学历，工业自动化、电气工程、电力电子、电子信息工程等相关专业。&lt;br style=&quot;white-space: normal;&quot;/&gt;2、工作经历：&lt;br style=&quot;white-space: normal;&quot;/&gt;在数字电源、变频器、UPS、光伏发电、新能源汽车、智能仪器仪表等相关行业，嵌入式软件开发10年以上工作经历；&lt;br style=&quot;white-space: normal;&quot;/&gt;曾独自或作为主要参与人承担过嵌入式开发项目。&lt;br style=&quot;white-space: normal;&quot;/&gt;3、专业技能：&lt;br style=&quot;white-space: normal;&quot;/&gt;精通C语言，了解其他软件编程常用语言；&lt;br style=&quot;white-space: normal;&quot;/&gt;熟悉 ARM处理器、DSP数字信号处理器应用与编程；&lt;br style=&quot;white-space: normal;&quot;/&gt;熟悉软件研发流程、标准与规范；&lt;br style=&quot;white-space: normal;&quot;/&gt;&lt;br style=&quot;white-space: normal;&quot;/&gt;有一定的硬件基础，熟悉处理器周边电路设计。&lt;br style=&quot;white-space: normal;&quot;/&gt;熟悉AD等电子线路设计软件的应用；&lt;br style=&quot;white-space: normal;&quot;/&gt;4、外语水平：&lt;br style=&quot;white-space: normal;&quot;/&gt;可以阅读英文嵌入式文档资料；&lt;br style=&quot;white-space: normal;&quot;/&gt;能顺利进行英语口语沟通交流的优先。&lt;/p&gt;','','');
/*!40000 ALTER TABLE `cn_content_news` ENABLE KEYS */;
UNLOCK TABLES;

--
-- Table structure for table `cn_content_product`
--

DROP TABLE IF EXISTS `cn_content_product`;
/*!40101 SET @saved_cs_client     = @@character_set_client */;
/*!40101 SET character_set_client = utf8 */;
CREATE TABLE `cn_content_product` (
  `id` mediumint(8) NOT NULL,
  `catid` smallint(5) NOT NULL,
  `content` mediumtext NOT NULL,
  PRIMARY KEY (`id`),
  KEY `catid` (`catid`)
) ENGINE=MyISAM DEFAULT CHARSET=utf8;
/*!40101 SET character_set_client = @saved_cs_client */;

--
-- Dumping data for table `cn_content_product`
--

LOCK TABLES `cn_content_product` WRITE;
/*!40000 ALTER TABLE `cn_content_product` DISABLE KEYS */;
INSERT INTO `cn_content_product` VALUES (102,12,''),(103,12,''),(104,12,''),(105,12,''),(106,12,''),(107,12,''),(108,12,''),(109,12,''),(110,12,''),(111,12,''),(112,12,''),(113,12,''),(38,27,''),(39,28,''),(40,27,''),(41,27,''),(42,27,''),(43,27,''),(44,28,''),(45,27,''),(46,27,''),(142,12,''),(143,12,''),(144,12,''),(145,12,''),(146,12,''),(147,12,''),(148,12,''),(149,12,''),(114,12,''),(115,12,''),(116,12,''),(117,12,''),(118,12,''),(119,12,''),(120,12,''),(121,12,''),(122,12,''),(123,12,''),(124,12,''),(125,12,''),(126,12,''),(127,12,''),(128,12,''),(129,12,''),(130,12,''),(131,12,''),(132,12,''),(133,12,''),(134,12,''),(135,12,''),(136,12,''),(137,12,''),(138,12,''),(139,12,''),(140,12,''),(141,12,''),(154,12,''),(155,12,''),(156,12,''),(157,12,''),(158,12,''),(159,12,''),(160,12,''),(161,12,''),(162,12,''),(163,12,''),(164,12,''),(165,12,''),(166,12,''),(167,12,''),(168,12,''),(169,12,''),(170,12,''),(171,12,''),(172,12,''),(173,12,''),(174,12,''),(175,12,''),(176,12,''),(177,12,''),(178,12,''),(179,12,''),(180,12,''),(181,12,''),(182,12,''),(183,12,''),(184,12,''),(185,12,''),(186,12,''),(187,12,''),(188,12,''),(189,12,''),(190,12,''),(191,12,''),(192,12,''),(193,12,''),(194,13,''),(195,13,''),(196,13,''),(197,13,''),(198,13,''),(199,13,''),(200,13,''),(201,13,''),(202,13,''),(203,14,''),(204,14,''),(205,14,''),(206,14,''),(207,14,''),(208,14,''),(209,14,''),(210,14,''),(211,14,''),(212,14,''),(213,14,''),(214,14,''),(215,14,''),(216,14,''),(217,14,''),(218,14,''),(219,14,''),(220,14,''),(221,14,''),(222,14,''),(260,27,''),(261,27,''),(262,27,''),(263,27,''),(264,27,''),(265,27,''),(266,27,'');
/*!40000 ALTER TABLE `cn_content_product` ENABLE KEYS */;
UNLOCK TABLES;

--
-- Table structure for table `cn_content_video`
--

DROP TABLE IF EXISTS `cn_content_video`;
/*!40101 SET @saved_cs_client     = @@character_set_client */;
/*!40101 SET character_set_client = utf8 */;
CREATE TABLE `cn_content_video` (
  `id` mediumint(8) NOT NULL,
  `catid` smallint(5) NOT NULL,
  `content` mediumtext NOT NULL,
  `shipin` varchar(255) NOT NULL,
  PRIMARY KEY (`id`),
  KEY `catid` (`catid`)
) ENGINE=MyISAM DEFAULT CHARSET=utf8;
/*!40101 SET character_set_client = @saved_cs_client */;

--
-- Dumping data for table `cn_content_video`
--

LOCK TABLES `cn_content_video` WRITE;
/*!40000 ALTER TABLE `cn_content_video` DISABLE KEYS */;
INSERT INTO `cn_content_video` VALUES (81,21,'','/template/default/shipin/movie.ogv'),(223,21,'','/template/default/shipin/movie.ogv'),(224,21,'','/template/default/shipin/movie.ogv'),(225,21,'','/template/default/shipin/movie.ogv'),(226,21,'','/template/default/shipin/movie.ogv'),(227,21,'','/template/default/shipin/movie.ogv'),(228,21,'','/template/default/shipin/movie.ogv'),(229,21,'','/template/default/shipin/movie.ogv'),(230,21,'','/template/default/shipin/movie.ogv'),(231,21,'','/template/default/shipin/movie.ogv'),(250,21,'','/template/default/shipin/movie.ogv'),(251,21,'','/template/default/shipin/movie.ogv'),(252,21,'','/template/default/shipin/movie.ogv'),(259,21,'','/template/default/shipin/movie.ogv'),(274,21,'','/data/upload/image/20201228/1609134434723244.ogv');
/*!40000 ALTER TABLE `cn_content_video` ENABLE KEYS */;
UNLOCK TABLES;

--
-- Table structure for table `cn_form_ly`
--

DROP TABLE IF EXISTS `cn_form_ly`;
/*!40101 SET @saved_cs_client     = @@character_set_client */;
/*!40101 SET character_set_client = utf8 */;
CREATE TABLE `cn_form_ly` (
  `id` mediumint(8) NOT NULL AUTO_INCREMENT,
  `cid` mediumint(8) NOT NULL,
  `userid` mediumint(8) NOT NULL,
  `username` char(20) NOT NULL,
  `status` tinyint(2) unsigned NOT NULL DEFAULT '1',
  `time` int(10) unsigned NOT NULL DEFAULT '0',
  `ip` char(20) DEFAULT NULL,
  `dianhua` varchar(255) NOT NULL,
  `youxiang` varchar(255) NOT NULL,
  `dizhi` varchar(255) NOT NULL,
  `liuyan` mediumtext NOT NULL,
  PRIMARY KEY (`id`),
  KEY `status` (`status`),
  KEY `time` (`time`),
  KEY `userid` (`userid`),
  KEY `cid` (`cid`)
) ENGINE=MyISAM DEFAULT CHARSET=utf8;
/*!40101 SET character_set_client = @saved_cs_client */;

--
-- Dumping data for table `cn_form_ly`
--

LOCK TABLES `cn_form_ly` WRITE;
/*!40000 ALTER TABLE `cn_form_ly` DISABLE KEYS */;
/*!40000 ALTER TABLE `cn_form_ly` ENABLE KEYS */;
UNLOCK TABLES;

--
-- Table structure for table `cn_keylink`
--

DROP TABLE IF EXISTS `cn_keylink`;
/*!40101 SET @saved_cs_client     = @@character_set_client */;
/*!40101 SET character_set_client = utf8 */;
CREATE TABLE `cn_keylink` (
  `id` int(8) unsigned NOT NULL AUTO_INCREMENT,
  `name` varchar(30) NOT NULL,
  `link` varchar(100) NOT NULL,
  `weight` smallint(5) unsigned NOT NULL,
  PRIMARY KEY (`id`)
) ENGINE=MyISAM DEFAULT CHARSET=utf8;
/*!40101 SET character_set_client = @saved_cs_client */;

--
-- Dumping data for table `cn_keylink`
--

LOCK TABLES `cn_keylink` WRITE;
/*!40000 ALTER TABLE `cn_keylink` DISABLE KEYS */;
/*!40000 ALTER TABLE `cn_keylink` ENABLE KEYS */;
UNLOCK TABLES;

--
-- Table structure for table `cn_member`
--

DROP TABLE IF EXISTS `cn_member`;
/*!40101 SET @saved_cs_client     = @@character_set_client */;
/*!40101 SET character_set_client = utf8 */;
CREATE TABLE `cn_member` (
  `id` mediumint(8) unsigned NOT NULL AUTO_INCREMENT,
  `username` char(20) NOT NULL DEFAULT '',
  `password` char(32) NOT NULL DEFAULT '',
  `email` varchar(100) NOT NULL,
  `avatar` varchar(100) NOT NULL DEFAULT '',
  `modelid` smallint(5) NOT NULL,
  `regdate` int(10) unsigned NOT NULL DEFAULT '0',
  `regip` varchar(50) NOT NULL,
  `status` tinyint(1) NOT NULL DEFAULT '0',
  PRIMARY KEY (`id`),
  UNIQUE KEY `username` (`username`)
) ENGINE=MyISAM DEFAULT CHARSET=utf8;
/*!40101 SET character_set_client = @saved_cs_client */;

--
-- Dumping data for table `cn_member`
--

LOCK TABLES `cn_member` WRITE;
/*!40000 ALTER TABLE `cn_member` DISABLE KEYS */;
/*!40000 ALTER TABLE `cn_member` ENABLE KEYS */;
UNLOCK TABLES;

--
-- Table structure for table `cn_member_connect`
--

DROP TABLE IF EXISTS `cn_member_connect`;
/*!40101 SET @saved_cs_client     = @@character_set_client */;
/*!40101 SET character_set_client = utf8 */;
CREATE TABLE `cn_member_connect` (
  `uid` mediumint(9) NOT NULL,
  `openid` varchar(32) NOT NULL
) ENGINE=MyISAM DEFAULT CHARSET=utf8;
/*!40101 SET character_set_client = @saved_cs_client */;

--
-- Dumping data for table `cn_member_connect`
--

LOCK TABLES `cn_member_connect` WRITE;
/*!40000 ALTER TABLE `cn_member_connect` DISABLE KEYS */;
/*!40000 ALTER TABLE `cn_member_connect` ENABLE KEYS */;
UNLOCK TABLES;

--
-- Table structure for table `cn_member_geren`
--

DROP TABLE IF EXISTS `cn_member_geren`;
/*!40101 SET @saved_cs_client     = @@character_set_client */;
/*!40101 SET character_set_client = utf8 */;
CREATE TABLE `cn_member_geren` (
  `id` mediumint(8) NOT NULL,
  PRIMARY KEY (`id`)
) ENGINE=MyISAM DEFAULT CHARSET=utf8;
/*!40101 SET character_set_client = @saved_cs_client */;

--
-- Dumping data for table `cn_member_geren`
--

LOCK TABLES `cn_member_geren` WRITE;
/*!40000 ALTER TABLE `cn_member_geren` DISABLE KEYS */;
/*!40000 ALTER TABLE `cn_member_geren` ENABLE KEYS */;
UNLOCK TABLES;

--
-- Table structure for table `cn_model`
--

DROP TABLE IF EXISTS `cn_model`;
/*!40101 SET @saved_cs_client     = @@character_set_client */;
/*!40101 SET character_set_client = utf8 */;
CREATE TABLE `cn_model` (
  `modelid` smallint(5) unsigned NOT NULL AUTO_INCREMENT,
  `typeid` tinyint(3) NOT NULL,
  `modelname` char(30) NOT NULL,
  `tablename` char(20) NOT NULL,
  `listtpl` varchar(30) NOT NULL,
  `showtpl` varchar(30) NOT NULL,
  `joinid` smallint(5) DEFAULT NULL,
  `setting` text,
  PRIMARY KEY (`modelid`),
  KEY `typeid` (`typeid`),
  KEY `joinid` (`joinid`)
) ENGINE=MyISAM AUTO_INCREMENT=8 DEFAULT CHARSET=utf8;
/*!40101 SET character_set_client = @saved_cs_client */;

--
-- Dumping data for table `cn_model`
--

LOCK TABLES `cn_model` WRITE;
/*!40000 ALTER TABLE `cn_model` DISABLE KEYS */;
INSERT INTO `cn_model` VALUES (1,1,'文章模型','content_news','list_news.html','show_news.html',0,'a:1:{s:7:\"default\";a:6:{s:5:\"title\";a:2:{s:4:\"name\";s:6:\"标题\";s:4:\"show\";s:1:\"1\";}s:8:\"keywords\";a:2:{s:4:\"name\";s:9:\"关键字\";s:4:\"show\";s:1:\"1\";}s:5:\"thumb\";a:2:{s:4:\"name\";s:9:\"缩略图\";s:4:\"show\";s:1:\"1\";}s:11:\"description\";a:2:{s:4:\"name\";s:6:\"描述\";s:4:\"show\";s:1:\"1\";}s:4:\"time\";a:2:{s:4:\"name\";s:12:\"发布时间\";s:4:\"show\";s:1:\"1\";}s:4:\"hits\";a:2:{s:4:\"name\";s:9:\"阅读数\";s:4:\"show\";s:1:\"1\";}}}'),(2,1,'产品模型','content_product','list_product.html','show_product.html',NULL,'a:1:{s:7:\"default\";a:6:{s:5:\"title\";a:2:{s:4:\"name\";s:6:\"标题\";s:4:\"show\";s:1:\"1\";}s:8:\"keywords\";a:2:{s:4:\"name\";s:9:\"关键字\";s:4:\"show\";s:1:\"1\";}s:5:\"thumb\";a:2:{s:4:\"name\";s:9:\"缩略图\";s:4:\"show\";s:1:\"1\";}s:11:\"description\";a:2:{s:4:\"name\";s:6:\"描述\";s:4:\"show\";s:1:\"1\";}s:4:\"time\";a:2:{s:4:\"name\";s:12:\"发布时间\";s:4:\"show\";s:1:\"1\";}s:4:\"hits\";a:2:{s:4:\"name\";s:9:\"阅读数\";s:4:\"show\";s:1:\"1\";}}}'),(6,3,'在线留言','form_ly','list_ly.html','form.html',NULL,'a:1:{s:4:\"form\";a:9:{s:4:\"post\";s:1:\"0\";s:3:\"num\";s:1:\"0\";s:4:\"time\";s:0:\"\";s:5:\"check\";s:1:\"0\";s:4:\"code\";s:1:\"0\";s:6:\"member\";s:1:\"0\";s:5:\"email\";s:1:\"0\";s:11:\"smtpemailto\";s:0:\"\";s:11:\"mailsubject\";s:0:\"\";}}'),(5,2,'个人','member_geren','list_geren.html','show_geren.html',NULL,NULL),(7,1,'视频模型','content_video','list_video.html','show_video.html',NULL,'a:1:{s:7:\"default\";a:6:{s:5:\"title\";a:2:{s:4:\"name\";s:6:\"标题\";s:4:\"show\";s:1:\"1\";}s:8:\"keywords\";a:2:{s:4:\"name\";s:9:\"关键字\";s:4:\"show\";s:1:\"1\";}s:5:\"thumb\";a:2:{s:4:\"name\";s:9:\"缩略图\";s:4:\"show\";s:1:\"1\";}s:11:\"description\";a:2:{s:4:\"name\";s:6:\"描述\";s:4:\"show\";s:1:\"0\";}s:4:\"time\";a:2:{s:4:\"name\";s:12:\"发布时间\";s:4:\"show\";s:1:\"0\";}s:4:\"hits\";a:2:{s:4:\"name\";s:9:\"阅读数\";s:4:\"show\";s:1:\"0\";}}}');
/*!40000 ALTER TABLE `cn_model` ENABLE KEYS */;
UNLOCK TABLES;

--
-- Table structure for table `cn_model_field`
--

DROP TABLE IF EXISTS `cn_model_field`;
/*!40101 SET @saved_cs_client     = @@character_set_client */;
/*!40101 SET character_set_client = utf8 */;
CREATE TABLE `cn_model_field` (
  `fieldid` mediumint(8) unsigned NOT NULL AUTO_INCREMENT,
  `modelid` smallint(5) unsigned NOT NULL DEFAULT '0',
  `field` varchar(20) NOT NULL,
  `name` varchar(30) NOT NULL,
  `isshow` tinyint(1) unsigned NOT NULL DEFAULT '1',
  `tips` text NOT NULL,
  `pattern` varchar(255) NOT NULL,
  `errortips` varchar(255) NOT NULL,
  `formtype` varchar(20) NOT NULL,
  `setting` mediumtext NOT NULL,
  `listorder` mediumint(8) unsigned NOT NULL DEFAULT '0',
  `disabled` tinyint(1) unsigned NOT NULL DEFAULT '0',
  PRIMARY KEY (`fieldid`),
  KEY `modelid` (`modelid`)
) ENGINE=MyISAM AUTO_INCREMENT=15 DEFAULT CHARSET=utf8;
/*!40101 SET character_set_client = @saved_cs_client */;

--
-- Dumping data for table `cn_model_field`
--

LOCK TABLES `cn_model_field` WRITE;
/*!40000 ALTER TABLE `cn_model_field` DISABLE KEYS */;
INSERT INTO `cn_model_field` VALUES (1,1,'content','内容',1,'','','','editor','a:4:{s:7:\"toolbar\";s:1:\"1\";s:5:\"width\";s:3:\"700\";s:6:\"height\";s:3:\"450\";s:12:\"defaultvalue\";s:0:\"\";}',0,0),(2,2,'content','内容',1,'','','','editor','a:4:{s:7:\"toolbar\";s:1:\"1\";s:5:\"width\";s:3:\"700\";s:6:\"height\";s:3:\"450\";s:12:\"defaultvalue\";s:0:\"\";}',0,0),(12,6,'liuyan','留言',1,'','','','textarea','a:3:{s:5:\"width\";s:3:\"680\";s:6:\"height\";s:3:\"300\";s:12:\"defaultvalue\";s:0:\"\";}',0,0),(9,6,'dianhua','电话',1,'','','','input','a:2:{s:4:\"size\";s:3:\"180\";s:12:\"defaultvalue\";s:0:\"\";}',0,0),(10,6,'youxiang','邮箱',1,'','/^[\\w\\-\\.]+@[\\w\\-\\.]+(\\.\\w+)+$/','','input','a:2:{s:4:\"size\";s:3:\"180\";s:12:\"defaultvalue\";s:0:\"\";}',0,0),(11,6,'dizhi','地址',1,'','','','input','a:2:{s:4:\"size\";s:3:\"180\";s:12:\"defaultvalue\";s:0:\"\";}',0,0),(7,1,'zuozhe','作者',1,'','','','input','a:2:{s:4:\"size\";s:3:\"180\";s:12:\"defaultvalue\";s:0:\"\";}',0,0),(8,1,'laiyuan','来源',1,'','','','input','a:2:{s:4:\"size\";s:3:\"180\";s:12:\"defaultvalue\";s:0:\"\";}',0,0),(13,7,'content','内容 ',1,'','','','editor','',0,1),(14,7,'shipin','视频',1,'','','','file','a:3:{s:4:\"type\";s:47:\"rm,rmvb,mov,mtv,wmv,avi,3gp,amv,dmv,flv,mp4,ogv\";s:7:\"preview\";s:1:\"0\";s:4:\"size\";s:2:\"50\";}',0,0);
/*!40000 ALTER TABLE `cn_model_field` ENABLE KEYS */;
UNLOCK TABLES;

--
-- Table structure for table `cn_weixinmenu`
--

DROP TABLE IF EXISTS `cn_weixinmenu`;
/*!40101 SET @saved_cs_client     = @@character_set_client */;
/*!40101 SET character_set_client = utf8 */;
CREATE TABLE `cn_weixinmenu` (
  `id` smallint(5) unsigned NOT NULL AUTO_INCREMENT,
  `parentid` smallint(5) unsigned NOT NULL DEFAULT '0',
  `child` tinyint(1) unsigned NOT NULL DEFAULT '0',
  `childids` varchar(255) NOT NULL,
  `name` varchar(30) NOT NULL,
  `url` varchar(255) NOT NULL DEFAULT '',
  `listorder` smallint(5) unsigned NOT NULL DEFAULT '0',
  PRIMARY KEY (`id`),
  KEY `listorder` (`listorder`,`id`)
) ENGINE=MyISAM DEFAULT CHARSET=utf8;
/*!40101 SET character_set_client = @saved_cs_client */;

--
-- Dumping data for table `cn_weixinmenu`
--

LOCK TABLES `cn_weixinmenu` WRITE;
/*!40000 ALTER TABLE `cn_weixinmenu` DISABLE KEYS */;
/*!40000 ALTER TABLE `cn_weixinmenu` ENABLE KEYS */;
UNLOCK TABLES;
/*!40103 SET TIME_ZONE=@OLD_TIME_ZONE */;

/*!40101 SET SQL_MODE=@OLD_SQL_MODE */;
/*!40014 SET FOREIGN_KEY_CHECKS=@OLD_FOREIGN_KEY_CHECKS */;
/*!40014 SET UNIQUE_CHECKS=@OLD_UNIQUE_CHECKS */;
/*!40101 SET CHARACTER_SET_CLIENT=@OLD_CHARACTER_SET_CLIENT */;
/*!40101 SET CHARACTER_SET_RESULTS=@OLD_CHARACTER_SET_RESULTS */;
/*!40101 SET COLLATION_CONNECTION=@OLD_COLLATION_CONNECTION */;
/*!40111 SET SQL_NOTES=@OLD_SQL_NOTES */;

-- Dump completed on 2020-12-29 16:33:31
